ds,sku,sales,promo,dayofweek,month,lag_1,lag_7,ma7,ma30
2024-01-01,SKU-1,118,0,0,1,118.0,118.0,118.0,118.0
2024-01-02,SKU-1,117,0,1,1,118.0,118.0,117.5,117.5
2024-01-03,SKU-1,119,0,2,1,117.0,118.0,118.0,118.0
2024-01-04,SKU-1,115,0,3,1,119.0,118.0,117.25,117.25
2024-01-05,SKU-1,124,0,4,1,115.0,118.0,118.6,118.6
2024-01-06,SKU-1,126,0,5,1,124.0,118.0,119.83333333333333,119.83333333333333
2024-01-07,SKU-1,136,0,6,1,126.0,118.0,122.14285714285714,122.14285714285714
2024-01-08,SKU-1,116,0,0,1,136.0,118.0,121.85714285714286,121.375
2024-01-09,SKU-1,134,0,1,1,116.0,117.0,124.28571428571429,122.77777777777777
2024-01-10,SKU-1,118,0,2,1,134.0,119.0,124.14285714285714,122.3
2024-01-11,SKU-1,117,0,3,1,118.0,115.0,124.42857142857143,121.81818181818181
2024-01-12,SKU-1,120,0,4,1,117.0,124.0,123.85714285714286,121.66666666666667
2024-01-13,SKU-1,191,1,5,1,120.0,126.0,133.14285714285714,127.0
2024-01-14,SKU-1,130,0,6,1,191.0,136.0,132.28571428571428,127.21428571428571
2024-01-15,SKU-1,129,0,0,1,130.0,116.0,134.14285714285714,127.33333333333333
2024-01-16,SKU-1,125,0,1,1,129.0,134.0,132.85714285714286,127.1875
2024-01-17,SKU-1,174,1,2,1,125.0,118.0,140.85714285714286,129.94117647058823
2024-01-18,SKU-1,172,1,3,1,174.0,117.0,148.71428571428572,132.27777777777777
2024-01-19,SKU-1,127,0,4,1,172.0,120.0,149.71428571428572,132.0
2024-01-20,SKU-1,135,0,5,1,127.0,191.0,141.71428571428572,132.15
2024-01-21,SKU-1,191,1,6,1,135.0,130.0,150.42857142857142,134.95238095238096
2024-01-22,SKU-1,116,0,0,1,191.0,129.0,148.57142857142858,134.0909090909091
2024-01-23,SKU-1,137,0,1,1,116.0,125.0,150.28571428571428,134.2173913043478
2024-01-24,SKU-1,131,0,2,1,137.0,174.0,144.14285714285714,134.08333333333334
2024-01-25,SKU-1,126,0,3,1,131.0,172.0,137.57142857142858,133.76
2024-01-26,SKU-1,125,0,4,1,126.0,127.0,137.28571428571428,133.42307692307693
2024-01-27,SKU-1,140,0,5,1,125.0,135.0,138.0,133.66666666666666
2024-01-28,SKU-1,135,0,6,1,140.0,191.0,130.0,133.71428571428572
2024-01-29,SKU-1,120,0,0,1,135.0,116.0,130.57142857142858,133.24137931034483
2024-01-30,SKU-1,131,0,1,1,120.0,137.0,129.71428571428572,133.16666666666666
2024-01-31,SKU-1,136,0,2,1,131.0,131.0,130.42857142857142,133.76666666666668
2024-02-01,SKU-1,184,1,3,2,136.0,126.0,138.71428571428572,136.0
2024-02-02,SKU-1,126,0,4,2,184.0,125.0,138.85714285714286,136.23333333333332
2024-02-03,SKU-1,127,0,5,2,126.0,140.0,137.0,136.63333333333333
2024-02-04,SKU-1,133,0,6,2,127.0,135.0,136.71428571428572,136.93333333333334
2024-02-05,SKU-1,199,1,0,2,133.0,120.0,148.0,139.36666666666667
2024-02-06,SKU-1,121,0,1,2,199.0,131.0,146.57142857142858,138.86666666666667
2024-02-07,SKU-1,126,0,2,2,121.0,136.0,145.14285714285714,139.2
2024-02-08,SKU-1,134,0,3,2,126.0,184.0,138.0,139.2
2024-02-09,SKU-1,131,0,4,2,134.0,126.0,138.71428571428572,139.63333333333333
2024-02-10,SKU-1,135,0,5,2,131.0,127.0,139.85714285714286,140.23333333333332
2024-02-11,SKU-1,149,0,6,2,135.0,133.0,142.14285714285714,141.2
2024-02-12,SKU-1,127,0,0,2,149.0,199.0,131.85714285714286,139.06666666666666
2024-02-13,SKU-1,132,0,1,2,127.0,121.0,133.42857142857142,139.13333333333333
2024-02-14,SKU-1,134,0,2,2,132.0,126.0,134.57142857142858,139.3
2024-02-15,SKU-1,128,0,3,2,134.0,134.0,133.71428571428572,139.4
2024-02-16,SKU-1,124,0,4,2,128.0,131.0,132.71428571428572,137.73333333333332
2024-02-17,SKU-1,140,0,5,2,124.0,135.0,133.42857142857142,136.66666666666666
2024-02-18,SKU-1,198,1,6,2,140.0,149.0,140.42857142857142,139.03333333333333
2024-02-19,SKU-1,136,0,0,2,198.0,127.0,141.71428571428572,139.06666666666666
2024-02-20,SKU-1,134,0,1,2,136.0,132.0,142.0,137.16666666666666
2024-02-21,SKU-1,134,0,2,2,134.0,134.0,142.0,137.76666666666668
2024-02-22,SKU-1,132,0,3,2,134.0,128.0,142.57142857142858,137.6
2024-02-23,SKU-1,141,0,4,2,132.0,124.0,145.0,137.93333333333334
2024-02-24,SKU-1,136,0,5,2,141.0,140.0,144.42857142857142,138.26666666666668
2024-02-25,SKU-1,131,0,6,2,136.0,198.0,134.85714285714286,138.46666666666667
2024-02-26,SKU-1,125,0,0,2,131.0,136.0,133.28571428571428,137.96666666666667
2024-02-27,SKU-1,135,0,1,2,125.0,134.0,133.42857142857142,137.96666666666667
2024-02-28,SKU-1,141,0,2,2,135.0,134.0,134.42857142857142,138.66666666666666
2024-02-29,SKU-1,137,0,3,2,141.0,132.0,135.14285714285714,138.86666666666667
2024-03-01,SKU-1,133,0,4,3,137.0,141.0,134.0,138.76666666666668
2024-03-02,SKU-1,143,0,5,3,133.0,136.0,135.0,137.4
2024-03-03,SKU-1,142,0,6,3,143.0,131.0,136.57142857142858,137.93333333333334
2024-03-04,SKU-1,141,0,0,3,142.0,125.0,138.85714285714286,138.4
2024-03-05,SKU-1,144,0,1,3,141.0,135.0,140.14285714285714,138.76666666666668
2024-03-06,SKU-1,130,0,2,3,144.0,141.0,138.57142857142858,136.46666666666667
2024-03-07,SKU-1,122,0,3,3,130.0,137.0,136.42857142857142,136.5
2024-03-08,SKU-1,183,1,4,3,122.0,133.0,143.57142857142858,138.4
2024-03-09,SKU-1,135,0,5,3,183.0,143.0,142.42857142857142,138.43333333333334
2024-03-10,SKU-1,147,0,6,3,135.0,142.0,143.14285714285714,138.96666666666667
2024-03-11,SKU-1,132,0,0,3,147.0,141.0,141.85714285714286,138.86666666666667
2024-03-12,SKU-1,174,1,1,3,132.0,144.0,146.14285714285714,139.7
2024-03-13,SKU-1,134,0,2,3,174.0,130.0,146.71428571428572,139.93333333333334
2024-03-14,SKU-1,128,0,3,3,134.0,122.0,147.57142857142858,139.8
2024-03-15,SKU-1,147,0,4,3,128.0,183.0,142.42857142857142,140.23333333333332
2024-03-16,SKU-1,145,0,5,3,147.0,135.0,143.85714285714286,140.8
2024-03-17,SKU-1,146,0,6,3,145.0,147.0,143.71428571428572,141.53333333333333
2024-03-18,SKU-1,141,0,0,3,146.0,132.0,145.0,141.56666666666666
2024-03-19,SKU-1,143,0,1,3,141.0,174.0,140.57142857142858,139.73333333333332
2024-03-20,SKU-1,145,0,2,3,143.0,134.0,142.14285714285714,140.03333333333333
2024-03-21,SKU-1,135,0,3,3,145.0,128.0,143.14285714285714,140.06666666666666
2024-03-22,SKU-1,129,0,4,3,135.0,147.0,140.57142857142858,139.9
2024-03-23,SKU-1,138,0,5,3,129.0,145.0,139.57142857142858,140.1
2024-03-24,SKU-1,143,0,6,3,138.0,146.0,139.14285714285714,140.16666666666666
2024-03-25,SKU-1,123,0,0,3,143.0,141.0,136.57142857142858,139.73333333333332
2024-03-26,SKU-1,145,0,1,3,123.0,143.0,136.85714285714286,140.2
2024-03-27,SKU-1,127,0,2,3,145.0,145.0,134.28571428571428,140.26666666666668
2024-03-28,SKU-1,142,0,3,3,127.0,135.0,135.28571428571428,140.5
2024-03-29,SKU-1,138,0,4,3,142.0,129.0,136.57142857142858,140.4
2024-03-30,SKU-1,146,0,5,3,138.0,138.0,137.71428571428572,140.7
2024-03-31,SKU-1,141,0,6,3,146.0,143.0,137.42857142857142,140.96666666666667
2024-04-01,SKU-1,140,0,0,4,141.0,123.0,139.85714285714286,140.86666666666667
2024-04-02,SKU-1,136,0,1,4,140.0,145.0,138.57142857142858,140.66666666666666
2024-04-03,SKU-1,136,0,2,4,136.0,127.0,139.85714285714286,140.5
2024-04-04,SKU-1,183,1,3,4,136.0,142.0,145.71428571428572,141.8
2024-04-05,SKU-1,149,0,4,4,183.0,138.0,147.28571428571428,142.43333333333334
2024-04-06,SKU-1,147,0,5,4,149.0,146.0,147.42857142857142,143.26666666666668
2024-04-07,SKU-1,146,0,6,4,147.0,141.0,148.14285714285714,142.03333333333333
2024-04-08,SKU-1,134,0,0,4,146.0,140.0,147.28571428571428,142.0
2024-04-09,SKU-1,138,0,1,4,134.0,136.0,147.57142857142858,141.7
2024-04-10,SKU-1,134,0,2,4,138.0,136.0,147.28571428571428,141.76666666666668
2024-04-11,SKU-1,137,0,3,4,134.0,183.0,140.71428571428572,140.53333333333333
2024-04-12,SKU-1,132,0,4,4,137.0,149.0,138.28571428571428,140.46666666666667
2024-04-13,SKU-1,154,0,5,4,132.0,147.0,139.28571428571428,141.33333333333334
2024-04-14,SKU-1,140,0,6,4,154.0,146.0,138.42857142857142,141.1
2024-04-15,SKU-1,134,0,0,4,140.0,134.0,138.42857142857142,140.73333333333332
2024-04-16,SKU-1,132,0,1,4,134.0,138.0,137.57142857142858,140.26666666666668
2024-04-17,SKU-1,135,0,2,4,132.0,134.0,137.71428571428572,140.06666666666666
2024-04-18,SKU-1,137,0,3,4,135.0,137.0,137.71428571428572,139.86666666666667
2024-04-19,SKU-1,140,0,4,4,137.0,132.0,138.85714285714286,139.7
2024-04-20,SKU-1,141,0,5,4,140.0,154.0,137.0,139.9
2024-04-21,SKU-1,135,0,6,4,141.0,140.0,136.28571428571428,140.1
2024-04-22,SKU-1,131,0,0,4,135.0,134.0,135.85714285714286,139.86666666666667
2024-04-23,SKU-1,144,0,1,4,131.0,132.0,137.57142857142858,139.9
2024-04-24,SKU-1,139,0,2,4,144.0,135.0,138.14285714285714,140.43333333333334
2024-04-25,SKU-1,144,0,3,4,139.0,137.0,139.14285714285714,140.4
2024-04-26,SKU-1,145,0,4,4,144.0,140.0,139.85714285714286,141.0
2024-04-27,SKU-1,146,0,5,4,145.0,141.0,140.57142857142858,141.13333333333333
2024-04-28,SKU-1,137,0,6,4,146.0,135.0,140.85714285714286,141.1
2024-04-29,SKU-1,141,0,0,4,137.0,131.0,142.28571428571428,140.93333333333334
2024-04-30,SKU-1,148,0,1,4,141.0,144.0,142.85714285714286,141.16666666666666
2024-05-01,SKU-1,137,0,2,5,148.0,139.0,142.57142857142858,141.06666666666666
2024-05-02,SKU-1,142,0,3,5,137.0,144.0,142.28571428571428,141.26666666666668
2024-05-03,SKU-1,140,0,4,5,142.0,145.0,141.57142857142858,141.4
2024-05-04,SKU-1,202,1,5,5,140.0,146.0,149.57142857142858,142.03333333333333
2024-05-05,SKU-1,141,0,6,5,202.0,137.0,150.14285714285714,141.76666666666668
2024-05-06,SKU-1,147,0,0,5,141.0,141.0,151.0,141.76666666666668
2024-05-07,SKU-1,138,0,1,5,147.0,148.0,149.57142857142858,141.5
2024-05-08,SKU-1,136,0,2,5,138.0,137.0,149.42857142857142,141.56666666666666
2024-05-09,SKU-1,140,0,3,5,136.0,142.0,149.14285714285714,141.63333333333333
2024-05-10,SKU-1,142,0,4,5,140.0,140.0,149.42857142857142,141.9
2024-05-11,SKU-1,156,0,5,5,142.0,202.0,142.85714285714286,142.53333333333333
2024-05-12,SKU-1,147,0,6,5,156.0,141.0,143.71428571428572,143.03333333333333
2024-05-13,SKU-1,141,0,0,5,147.0,147.0,142.85714285714286,142.6
2024-05-14,SKU-1,149,0,1,5,141.0,138.0,144.42857142857142,142.9
2024-05-15,SKU-1,143,0,2,5,149.0,136.0,145.42857142857142,143.2
2024-05-16,SKU-1,136,0,3,5,143.0,140.0,144.85714285714286,143.33333333333334
2024-05-17,SKU-1,148,0,4,5,136.0,142.0,145.71428571428572,143.76666666666668
2024-05-18,SKU-1,140,0,5,5,148.0,156.0,143.42857142857142,143.86666666666667
2024-05-19,SKU-1,140,0,6,5,140.0,147.0,142.42857142857142,143.86666666666667
2024-05-20,SKU-1,134,0,0,5,140.0,141.0,141.42857142857142,143.63333333333333
2024-05-21,SKU-1,134,0,1,5,134.0,149.0,139.28571428571428,143.6
2024-05-22,SKU-1,141,0,2,5,134.0,143.0,139.0,143.93333333333334
2024-05-23,SKU-1,138,0,3,5,141.0,136.0,139.28571428571428,143.73333333333332
2024-05-24,SKU-1,118,0,4,5,138.0,148.0,135.0,143.03333333333333
2024-05-25,SKU-1,142,0,5,5,118.0,140.0,135.28571428571428,142.96666666666667
2024-05-26,SKU-1,141,0,6,5,142.0,140.0,135.42857142857142,142.83333333333334
2024-05-27,SKU-1,193,1,0,5,141.0,134.0,143.85714285714286,144.4
2024-05-28,SKU-1,135,0,1,5,193.0,134.0,144.0,144.33333333333334
2024-05-29,SKU-1,154,0,2,5,135.0,141.0,145.85714285714286,144.76666666666668
2024-05-30,SKU-1,147,0,3,5,154.0,138.0,147.14285714285714,144.73333333333332
2024-05-31,SKU-1,136,0,4,5,147.0,118.0,149.71428571428572,144.7
2024-06-01,SKU-1,151,0,5,6,136.0,142.0,151.0,145.0
2024-06-02,SKU-1,147,0,6,6,151.0,141.0,151.85714285714286,145.23333333333332
2024-06-03,SKU-1,140,0,0,6,147.0,193.0,144.28571428571428,143.16666666666666
2024-06-04,SKU-1,143,0,1,6,140.0,135.0,145.42857142857142,143.23333333333332
2024-06-05,SKU-1,139,0,2,6,143.0,154.0,143.28571428571428,142.96666666666667
2024-06-06,SKU-1,140,0,3,6,139.0,147.0,142.28571428571428,143.03333333333333
2024-06-07,SKU-1,143,0,4,6,140.0,136.0,143.28571428571428,143.26666666666668
2024-06-08,SKU-1,156,0,5,6,143.0,151.0,144.0,143.8
2024-06-09,SKU-1,144,0,6,6,156.0,147.0,143.57142857142858,143.86666666666667
2024-06-10,SKU-1,135,0,0,6,144.0,140.0,142.85714285714286,143.16666666666666
2024-06-11,SKU-1,125,0,1,6,135.0,143.0,140.28571428571428,142.43333333333334
2024-06-12,SKU-1,150,0,2,6,125.0,139.0,141.85714285714286,142.73333333333332
2024-06-13,SKU-1,136,0,3,6,150.0,140.0,141.28571428571428,142.3
2024-06-14,SKU-1,141,0,4,6,136.0,143.0,141.0,142.23333333333332
2024-06-15,SKU-1,154,0,5,6,141.0,156.0,140.71428571428572,142.83333333333334
2024-06-16,SKU-1,144,0,6,6,154.0,144.0,140.71428571428572,142.7
2024-06-17,SKU-1,136,0,0,6,144.0,135.0,140.85714285714286,142.56666666666666
2024-06-18,SKU-1,146,0,1,6,136.0,125.0,143.85714285714286,142.76666666666668
2024-06-19,SKU-1,140,0,2,6,146.0,150.0,142.42857142857142,142.96666666666667
2024-06-20,SKU-1,141,0,3,6,140.0,136.0,143.14285714285714,143.2
2024-06-21,SKU-1,128,0,4,6,141.0,141.0,141.28571428571428,142.76666666666668
2024-06-22,SKU-1,149,0,5,6,128.0,154.0,140.57142857142858,143.13333333333333
2024-06-23,SKU-1,144,0,6,6,149.0,144.0,140.57142857142858,144.0
2024-06-24,SKU-1,128,0,0,6,144.0,136.0,139.42857142857142,143.53333333333333
2024-06-25,SKU-1,139,0,1,6,128.0,146.0,138.42857142857142,143.46666666666667
2024-06-26,SKU-1,124,0,2,6,139.0,140.0,136.14285714285714,141.16666666666666
2024-06-27,SKU-1,151,0,3,6,124.0,141.0,137.57142857142858,141.7
2024-06-28,SKU-1,129,0,4,6,151.0,128.0,137.71428571428572,140.86666666666667
2024-06-29,SKU-1,151,0,5,6,129.0,149.0,138.0,141.0
2024-06-30,SKU-1,136,0,6,6,151.0,144.0,136.85714285714286,141.0
2024-07-01,SKU-1,139,0,0,7,136.0,128.0,138.42857142857142,140.6
2024-07-02,SKU-1,130,0,1,7,139.0,139.0,137.14285714285714,140.03333333333333
2024-07-03,SKU-1,142,0,2,7,130.0,124.0,139.71428571428572,140.1
2024-07-04,SKU-1,134,0,3,7,142.0,151.0,137.28571428571428,139.8
2024-07-05,SKU-1,138,0,4,7,134.0,129.0,138.57142857142858,139.76666666666668
2024-07-06,SKU-1,141,0,5,7,138.0,151.0,137.14285714285714,139.8
2024-07-07,SKU-1,132,0,6,7,141.0,136.0,136.57142857142858,139.43333333333334
2024-07-08,SKU-1,138,0,0,7,132.0,139.0,136.42857142857142,138.83333333333334
2024-07-09,SKU-1,132,0,1,7,138.0,130.0,136.71428571428572,138.43333333333334
2024-07-10,SKU-1,141,0,2,7,132.0,142.0,136.57142857142858,138.63333333333333
2024-07-11,SKU-1,134,0,3,7,141.0,134.0,136.57142857142858,138.93333333333334
2024-07-12,SKU-1,134,0,4,7,134.0,138.0,136.0,138.4
2024-07-13,SKU-1,150,0,5,7,134.0,141.0,137.28571428571428,138.86666666666667
2024-07-14,SKU-1,154,0,6,7,150.0,132.0,140.42857142857142,139.3
2024-07-15,SKU-1,139,0,0,7,154.0,138.0,140.57142857142858,138.8
2024-07-16,SKU-1,133,0,1,7,139.0,132.0,140.71428571428572,138.43333333333334
2024-07-17,SKU-1,132,0,2,7,133.0,141.0,139.42857142857142,138.3
2024-07-18,SKU-1,129,0,3,7,132.0,134.0,138.71428571428572,137.73333333333332
2024-07-19,SKU-1,130,0,4,7,129.0,134.0,138.14285714285714,137.4
2024-07-20,SKU-1,137,0,5,7,130.0,150.0,136.28571428571428,137.26666666666668
2024-07-21,SKU-1,151,0,6,7,137.0,154.0,135.85714285714286,138.03333333333333
2024-07-22,SKU-1,133,0,0,7,151.0,139.0,135.0,137.5
2024-07-23,SKU-1,126,0,1,7,133.0,133.0,134.0,136.9
2024-07-24,SKU-1,134,0,2,7,126.0,132.0,134.28571428571428,137.1
2024-07-25,SKU-1,135,0,3,7,134.0,129.0,135.14285714285714,136.96666666666667
2024-07-26,SKU-1,134,0,4,7,135.0,130.0,135.71428571428572,137.3
2024-07-27,SKU-1,143,0,5,7,134.0,137.0,136.57142857142858,137.03333333333333
2024-07-28,SKU-1,139,0,6,7,143.0,151.0,134.85714285714286,137.36666666666667
2024-07-29,SKU-1,138,0,0,7,139.0,133.0,135.57142857142858,136.93333333333334
2024-07-30,SKU-1,129,0,1,7,138.0,126.0,136.0,136.7
2024-07-31,SKU-1,144,0,2,7,129.0,134.0,137.42857142857142,136.86666666666667
2024-08-01,SKU-1,184,1,3,8,144.0,135.0,144.42857142857142,138.66666666666666
2024-08-02,SKU-1,136,0,4,8,184.0,134.0,144.71428571428572,138.46666666666667
2024-08-03,SKU-1,133,0,5,8,136.0,143.0,143.28571428571428,138.43333333333334
2024-08-04,SKU-1,141,0,6,8,133.0,139.0,143.57142857142858,138.53333333333333
2024-08-05,SKU-1,137,0,0,8,141.0,138.0,143.42857142857142,138.4
2024-08-06,SKU-1,126,0,1,8,137.0,129.0,143.0,138.2
2024-08-07,SKU-1,123,0,2,8,126.0,144.0,140.0,137.7
2024-08-08,SKU-1,135,0,3,8,123.0,184.0,133.0,137.8
2024-08-09,SKU-1,130,0,4,8,135.0,136.0,132.14285714285714,137.43333333333334
2024-08-10,SKU-1,139,0,5,8,130.0,133.0,133.0,137.6
2024-08-11,SKU-1,130,0,6,8,139.0,141.0,131.42857142857142,137.46666666666667
2024-08-12,SKU-1,123,0,0,8,130.0,137.0,129.42857142857142,136.56666666666666
2024-08-13,SKU-1,134,0,1,8,123.0,126.0,130.57142857142858,135.9
2024-08-14,SKU-1,130,0,2,8,134.0,123.0,131.57142857142858,135.6
2024-08-15,SKU-1,120,0,3,8,130.0,135.0,129.42857142857142,135.16666666666666
2024-08-16,SKU-1,141,0,4,8,120.0,130.0,131.0,135.46666666666667
2024-08-17,SKU-1,129,0,5,8,141.0,139.0,129.57142857142858,135.46666666666667
2024-08-18,SKU-1,153,0,6,8,129.0,130.0,132.85714285714286,136.23333333333332
2024-08-19,SKU-1,128,0,0,8,153.0,123.0,133.57142857142858,135.93333333333334
2024-08-20,SKU-1,135,0,1,8,128.0,134.0,133.71428571428572,135.4
2024-08-21,SKU-1,142,0,2,8,135.0,130.0,135.42857142857142,135.7
2024-08-22,SKU-1,141,0,3,8,142.0,120.0,138.42857142857142,136.2
2024-08-23,SKU-1,144,0,4,8,141.0,141.0,138.85714285714286,136.53333333333333
2024-08-24,SKU-1,128,0,5,8,144.0,129.0,138.71428571428572,136.3
2024-08-25,SKU-1,179,1,6,8,128.0,153.0,142.42857142857142,137.8
2024-08-26,SKU-1,133,0,0,8,179.0,128.0,143.14285714285714,137.46666666666667
2024-08-27,SKU-1,137,0,1,8,133.0,135.0,143.42857142857142,137.4
2024-08-28,SKU-1,132,0,2,8,137.0,142.0,142.0,137.2
2024-08-29,SKU-1,122,0,3,8,132.0,141.0,139.28571428571428,136.96666666666667
2024-08-30,SKU-1,135,0,4,8,122.0,144.0,138.0,136.66666666666666
2024-08-31,SKU-1,136,0,5,8,135.0,128.0,139.14285714285714,135.06666666666666
2024-09-01,SKU-1,136,0,6,9,136.0,179.0,133.0,135.06666666666666
2024-09-02,SKU-1,118,0,0,9,136.0,133.0,130.85714285714286,134.56666666666666
2024-09-03,SKU-1,137,0,1,9,118.0,137.0,130.85714285714286,134.43333333333334
2024-09-04,SKU-1,133,0,2,9,137.0,132.0,131.0,134.3
2024-09-05,SKU-1,143,0,3,9,133.0,122.0,134.0,134.86666666666667
2024-09-06,SKU-1,131,0,4,9,143.0,135.0,133.42857142857142,135.13333333333333
2024-09-07,SKU-1,140,0,5,9,131.0,136.0,134.0,135.3
2024-09-08,SKU-1,142,0,6,9,140.0,136.0,134.85714285714286,135.7
2024-09-09,SKU-1,121,0,0,9,142.0,118.0,135.28571428571428,135.1
2024-09-10,SKU-1,148,0,1,9,121.0,137.0,136.85714285714286,135.7
2024-09-11,SKU-1,129,0,2,9,148.0,133.0,136.28571428571428,135.9
2024-09-12,SKU-1,135,0,3,9,129.0,143.0,135.14285714285714,135.93333333333334
2024-09-13,SKU-1,136,0,4,9,135.0,131.0,135.85714285714286,136.13333333333333
2024-09-14,SKU-1,132,0,5,9,136.0,140.0,134.71428571428572,136.53333333333333
2024-09-15,SKU-1,148,0,6,9,132.0,142.0,135.57142857142858,136.76666666666668
2024-09-16,SKU-1,134,0,0,9,148.0,121.0,137.42857142857142,136.93333333333334
2024-09-17,SKU-1,131,0,1,9,134.0,148.0,135.0,136.2
2024-09-18,SKU-1,133,0,2,9,131.0,129.0,135.57142857142858,136.36666666666667
2024-09-19,SKU-1,137,0,3,9,133.0,135.0,135.85714285714286,136.43333333333334
2024-09-20,SKU-1,132,0,4,9,137.0,136.0,135.28571428571428,136.1
2024-09-21,SKU-1,143,0,5,9,132.0,132.0,136.85714285714286,136.16666666666666
2024-09-22,SKU-1,127,0,6,9,143.0,148.0,133.85714285714286,135.6
2024-09-23,SKU-1,128,0,0,9,127.0,134.0,133.0,135.6
2024-09-24,SKU-1,119,0,1,9,128.0,131.0,131.28571428571428,133.6
2024-09-25,SKU-1,145,0,2,9,119.0,133.0,133.0,134.0
2024-09-26,SKU-1,145,0,3,9,145.0,137.0,134.14285714285714,134.26666666666668
2024-09-27,SKU-1,137,0,4,9,145.0,132.0,134.85714285714286,134.43333333333334
2024-09-28,SKU-1,132,0,5,9,137.0,143.0,133.28571428571428,134.76666666666668
2024-09-29,SKU-1,152,0,6,9,132.0,127.0,136.85714285714286,135.33333333333334
2024-09-30,SKU-1,178,1,0,9,152.0,128.0,144.0,136.73333333333332
2024-10-01,SKU-1,132,0,1,10,178.0,119.0,145.85714285714286,136.6
2024-10-02,SKU-1,134,0,2,10,132.0,145.0,144.28571428571428,137.13333333333333
2024-10-03,SKU-1,136,0,3,10,134.0,145.0,143.0,137.1
2024-10-04,SKU-1,137,0,4,10,136.0,137.0,143.0,137.23333333333332
2024-10-05,SKU-1,143,0,5,10,137.0,132.0,144.57142857142858,137.23333333333332
2024-10-06,SKU-1,138,0,6,10,143.0,152.0,142.57142857142858,137.46666666666667
2024-10-07,SKU-1,186,1,0,10,138.0,178.0,143.71428571428572,139.0
2024-10-08,SKU-1,132,0,1,10,186.0,132.0,143.71428571428572,138.66666666666666
2024-10-09,SKU-1,137,0,2,10,132.0,134.0,144.14285714285714,139.2
2024-10-10,SKU-1,137,0,3,10,137.0,136.0,144.28571428571428,138.83333333333334
2024-10-11,SKU-1,139,0,4,10,137.0,137.0,144.57142857142858,139.16666666666666
2024-10-12,SKU-1,143,0,5,10,139.0,143.0,144.57142857142858,139.43333333333334
2024-10-13,SKU-1,136,0,6,10,143.0,138.0,144.28571428571428,139.43333333333334
2024-10-14,SKU-1,137,0,0,10,136.0,186.0,137.28571428571428,139.6
2024-10-15,SKU-1,138,0,1,10,137.0,132.0,138.14285714285714,139.26666666666668
2024-10-16,SKU-1,127,0,2,10,138.0,137.0,136.71428571428572,139.03333333333333
2024-10-17,SKU-1,182,1,3,10,127.0,137.0,143.14285714285714,140.73333333333332
2024-10-18,SKU-1,139,0,4,10,182.0,139.0,143.14285714285714,140.93333333333334
2024-10-19,SKU-1,150,0,5,10,139.0,143.0,144.14285714285714,141.36666666666667
2024-10-20,SKU-1,145,0,6,10,150.0,136.0,145.42857142857142,141.8
2024-10-21,SKU-1,146,0,0,10,145.0,137.0,146.71428571428572,141.9
2024-10-22,SKU-1,133,0,1,10,146.0,138.0,146.0,142.1
2024-10-23,SKU-1,137,0,2,10,133.0,127.0,147.42857142857142,142.4
2024-10-24,SKU-1,141,0,3,10,137.0,182.0,141.57142857142858,143.13333333333333
2024-10-25,SKU-1,122,0,4,10,141.0,139.0,139.14285714285714,142.36666666666667
2024-10-26,SKU-1,150,0,5,10,122.0,150.0,139.14285714285714,142.53333333333333
2024-10-27,SKU-1,130,0,6,10,150.0,145.0,137.0,142.3
2024-10-28,SKU-1,142,0,0,10,130.0,146.0,136.42857142857142,142.63333333333333
2024-10-29,SKU-1,141,0,1,10,142.0,133.0,137.57142857142858,142.26666666666668
2024-10-30,SKU-1,122,0,2,10,141.0,137.0,135.42857142857142,140.4
2024-10-31,SKU-1,123,0,3,10,122.0,141.0,132.85714285714286,140.1
2024-11-01,SKU-1,146,0,4,11,123.0,122.0,136.28571428571428,140.5
2024-11-02,SKU-1,198,1,5,11,146.0,150.0,143.14285714285714,142.56666666666666
2024-11-03,SKU-1,137,0,6,11,198.0,130.0,144.14285714285714,142.56666666666666
2024-11-04,SKU-1,132,0,0,11,137.0,142.0,142.71428571428572,142.2
2024-11-05,SKU-1,141,0,1,11,132.0,141.0,142.71428571428572,142.3
2024-11-06,SKU-1,138,0,2,11,141.0,122.0,145.0,140.7
2024-11-07,SKU-1,144,0,3,11,138.0,123.0,148.0,141.1
2024-11-08,SKU-1,141,0,4,11,144.0,146.0,147.28571428571428,141.23333333333332
2024-11-09,SKU-1,153,0,5,11,141.0,198.0,140.85714285714286,141.76666666666668
2024-11-10,SKU-1,149,0,6,11,153.0,137.0,142.57142857142858,142.1
2024-11-11,SKU-1,143,0,0,11,149.0,132.0,144.14285714285714,142.1
2024-11-12,SKU-1,137,0,1,11,143.0,141.0,143.57142857142858,142.13333333333333
2024-11-13,SKU-1,136,0,2,11,137.0,138.0,143.28571428571428,142.1
2024-11-14,SKU-1,139,0,3,11,136.0,144.0,142.57142857142858,142.13333333333333
2024-11-15,SKU-1,151,0,4,11,139.0,141.0,144.0,142.93333333333334
2024-11-16,SKU-1,142,0,5,11,151.0,153.0,142.42857142857142,141.6
2024-11-17,SKU-1,146,0,6,11,142.0,149.0,142.0,141.83333333333334
2024-11-18,SKU-1,126,0,0,11,146.0,143.0,139.57142857142858,141.03333333333333
2024-11-19,SKU-1,144,0,1,11,126.0,137.0,140.57142857142858,141.0
2024-11-20,SKU-1,154,0,2,11,144.0,136.0,143.14285714285714,141.26666666666668
2024-11-21,SKU-1,135,0,3,11,154.0,139.0,142.57142857142858,141.33333333333334
2024-11-22,SKU-1,160,0,4,11,135.0,151.0,143.85714285714286,142.1
2024-11-23,SKU-1,196,1,5,11,160.0,142.0,151.57142857142858,143.93333333333334
2024-11-24,SKU-1,131,0,6,11,196.0,146.0,149.42857142857142,144.23333333333332
2024-11-25,SKU-1,139,0,0,11,131.0,126.0,151.28571428571428,143.86666666666667
2024-11-26,SKU-1,150,0,1,11,139.0,144.0,152.14285714285714,144.53333333333333
2024-11-27,SKU-1,154,0,2,11,150.0,154.0,152.14285714285714,144.93333333333334
2024-11-28,SKU-1,147,0,3,11,154.0,135.0,153.85714285714286,145.13333333333333
2024-11-29,SKU-1,152,0,4,11,147.0,160.0,152.71428571428572,146.13333333333333
2024-11-30,SKU-1,140,0,5,11,152.0,196.0,144.71428571428572,146.7
2024-12-01,SKU-1,144,0,6,12,140.0,131.0,146.57142857142858,146.63333333333333
2024-12-02,SKU-1,133,0,0,12,144.0,139.0,145.71428571428572,144.46666666666667
2024-12-03,SKU-1,188,1,1,12,133.0,150.0,151.14285714285714,146.16666666666666
2024-12-04,SKU-1,148,0,2,12,188.0,154.0,150.28571428571428,146.7
2024-12-05,SKU-1,145,0,3,12,148.0,147.0,150.0,146.83333333333334
2024-12-06,SKU-1,149,0,4,12,145.0,152.0,149.57142857142858,147.2
2024-12-07,SKU-1,144,0,5,12,149.0,140.0,150.14285714285714,147.2
2024-12-08,SKU-1,144,0,6,12,144.0,144.0,150.14285714285714,147.3
2024-12-09,SKU-1,195,1,0,12,144.0,133.0,159.0,148.7
2024-12-10,SKU-1,141,0,1,12,195.0,188.0,152.28571428571428,148.43333333333334
2024-12-11,SKU-1,153,0,2,12,141.0,148.0,153.0,148.76666666666668
2024-12-12,SKU-1,142,0,3,12,153.0,145.0,152.57142857142858,148.93333333333334
2024-12-13,SKU-1,191,1,4,12,142.0,149.0,158.57142857142858,150.76666666666668
2024-12-14,SKU-1,153,0,5,12,191.0,144.0,159.85714285714286,151.23333333333332
2024-12-15,SKU-1,149,0,6,12,153.0,144.0,160.57142857142858,151.16666666666666
2024-12-16,SKU-1,139,0,0,12,149.0,195.0,152.57142857142858,151.06666666666666
2024-12-17,SKU-1,140,0,1,12,139.0,141.0,152.42857142857142,150.86666666666667
2024-12-18,SKU-1,150,0,2,12,140.0,153.0,152.0,151.66666666666666
2024-12-19,SKU-1,139,0,3,12,150.0,142.0,151.57142857142858,151.5
2024-12-20,SKU-1,156,0,4,12,139.0,191.0,146.57142857142858,151.56666666666666
2024-12-21,SKU-1,148,0,5,12,156.0,153.0,145.85714285714286,152.0
2024-12-22,SKU-1,157,0,6,12,148.0,149.0,147.0,151.9
2024-12-23,SKU-1,144,0,0,12,157.0,139.0,147.71428571428572,150.16666666666666
2024-12-24,SKU-1,143,0,1,12,144.0,140.0,148.14285714285714,150.56666666666666
2024-12-25,SKU-1,150,0,2,12,143.0,150.0,148.14285714285714,150.93333333333334
2024-12-26,SKU-1,155,0,3,12,150.0,139.0,150.42857142857142,151.1
2024-12-27,SKU-1,148,0,4,12,155.0,156.0,149.28571428571428,150.9
2024-12-28,SKU-1,154,0,5,12,148.0,148.0,150.14285714285714,151.13333333333333
2024-12-29,SKU-1,160,0,6,12,154.0,157.0,150.57142857142858,151.4
2024-12-30,SKU-1,155,0,0,12,160.0,144.0,152.14285714285714,151.9
2024-12-31,SKU-1,150,0,1,12,155.0,143.0,153.14285714285714,152.1
2024-01-01,SKU-2,202,1,0,1,150.0,150.0,160.57142857142858,154.4
2024-01-02,SKU-2,162,0,1,1,202.0,155.0,161.57142857142858,153.53333333333333
2024-01-03,SKU-2,156,0,2,1,162.0,148.0,162.71428571428572,153.8
2024-01-04,SKU-2,161,0,3,1,156.0,154.0,163.71428571428572,154.33333333333334
2024-01-05,SKU-2,144,0,4,1,161.0,160.0,161.42857142857142,154.16666666666666
2024-01-06,SKU-2,211,1,5,1,144.0,155.0,169.42857142857142,156.4
2024-01-07,SKU-2,151,0,6,1,211.0,150.0,169.57142857142858,156.63333333333333
2024-01-08,SKU-2,157,0,0,1,151.0,202.0,163.14285714285714,155.36666666666667
2024-01-09,SKU-2,145,0,1,1,157.0,162.0,160.71428571428572,155.5
2024-01-10,SKU-2,155,0,2,1,145.0,156.0,160.57142857142858,155.56666666666666
2024-01-11,SKU-2,155,0,3,1,155.0,161.0,159.71428571428572,156.0
2024-01-12,SKU-2,150,0,4,1,155.0,144.0,160.57142857142858,154.63333333333333
2024-01-13,SKU-2,165,0,5,1,150.0,211.0,154.0,155.03333333333333
2024-01-14,SKU-2,157,0,6,1,165.0,151.0,154.85714285714286,155.3
2024-01-15,SKU-2,157,0,0,1,157.0,157.0,154.85714285714286,155.9
2024-01-16,SKU-2,148,0,1,1,157.0,145.0,155.28571428571428,156.16666666666666
2024-01-17,SKU-2,146,0,2,1,148.0,155.0,154.0,156.03333333333333
2024-01-18,SKU-2,157,0,3,1,146.0,155.0,154.28571428571428,156.63333333333333
2024-01-19,SKU-2,155,0,4,1,157.0,150.0,155.0,156.6
2024-01-20,SKU-2,159,0,5,1,155.0,165.0,154.14285714285714,156.96666666666667
2024-01-21,SKU-2,155,0,6,1,159.0,157.0,153.85714285714286,156.9
2024-01-22,SKU-2,164,0,0,1,155.0,157.0,154.85714285714286,157.56666666666666
2024-01-23,SKU-2,145,0,1,1,164.0,148.0,154.42857142857142,157.63333333333333
2024-01-24,SKU-2,145,0,2,1,145.0,146.0,154.28571428571428,157.46666666666667
2024-01-25,SKU-2,161,0,3,1,145.0,157.0,154.85714285714286,157.66666666666666
2024-01-26,SKU-2,161,0,4,1,161.0,155.0,155.71428571428572,158.1
2024-01-27,SKU-2,162,0,5,1,161.0,159.0,156.14285714285714,158.36666666666667
2024-01-28,SKU-2,158,0,6,1,162.0,155.0,156.57142857142858,158.3
2024-01-29,SKU-2,159,0,0,1,158.0,164.0,155.85714285714286,158.43333333333334
2024-01-30,SKU-2,168,0,1,1,159.0,145.0,159.14285714285714,159.03333333333333
2024-01-31,SKU-2,174,0,2,1,168.0,145.0,163.28571428571428,158.1
2024-02-01,SKU-2,144,0,3,2,174.0,161.0,160.85714285714286,157.5
2024-02-02,SKU-2,153,0,4,2,144.0,161.0,159.71428571428572,157.4
2024-02-03,SKU-2,158,0,5,2,153.0,162.0,159.14285714285714,157.3
2024-02-04,SKU-2,174,0,6,2,158.0,158.0,161.42857142857142,158.3
2024-02-05,SKU-2,139,0,0,2,174.0,159.0,158.57142857142858,155.9
2024-02-06,SKU-2,161,0,1,2,139.0,168.0,157.57142857142858,156.23333333333332
2024-02-07,SKU-2,155,0,2,2,161.0,174.0,154.85714285714286,156.16666666666666
2024-02-08,SKU-2,170,0,3,2,155.0,144.0,158.57142857142858,157.0
2024-02-09,SKU-2,169,0,4,2,170.0,153.0,160.85714285714286,157.46666666666667
2024-02-10,SKU-2,166,0,5,2,169.0,158.0,162.0,157.83333333333334
2024-02-11,SKU-2,152,0,6,2,166.0,174.0,158.85714285714286,157.9
2024-02-12,SKU-2,154,0,0,2,152.0,139.0,161.0,157.53333333333333
2024-02-13,SKU-2,155,0,1,2,154.0,161.0,160.14285714285714,157.46666666666667
2024-02-14,SKU-2,149,0,2,2,155.0,155.0,159.28571428571428,157.2
2024-02-15,SKU-2,168,0,3,2,149.0,170.0,159.0,157.86666666666667
2024-02-16,SKU-2,149,0,4,2,168.0,169.0,156.14285714285714,157.96666666666667
2024-02-17,SKU-2,179,0,5,2,149.0,166.0,158.0,158.7
2024-02-18,SKU-2,179,0,6,2,179.0,152.0,161.85714285714286,159.5
2024-02-19,SKU-2,157,0,0,2,179.0,154.0,162.28571428571428,159.43333333333334
2024-02-20,SKU-2,163,0,1,2,157.0,155.0,163.42857142857142,159.7
2024-02-21,SKU-2,160,0,2,2,163.0,149.0,165.0,159.56666666666666
2024-02-22,SKU-2,168,0,3,2,160.0,168.0,165.0,160.33333333333334
2024-02-23,SKU-2,170,0,4,2,168.0,149.0,168.0,161.16666666666666
2024-02-24,SKU-2,168,0,5,2,170.0,179.0,166.42857142857142,161.4
2024-02-25,SKU-2,170,0,6,2,168.0,179.0,165.14285714285714,161.7
2024-02-26,SKU-2,157,0,0,2,170.0,157.0,165.14285714285714,161.53333333333333
2024-02-27,SKU-2,165,0,1,2,157.0,163.0,165.42857142857142,161.76666666666668
2024-02-28,SKU-2,163,0,2,2,165.0,160.0,165.85714285714286,161.9
2024-02-29,SKU-2,156,0,3,2,163.0,168.0,164.14285714285714,161.5
2024-03-01,SKU-2,162,0,4,3,156.0,170.0,163.0,161.1
2024-03-02,SKU-2,165,0,5,3,162.0,168.0,162.57142857142858,161.8
2024-03-03,SKU-2,163,0,6,3,165.0,170.0,161.57142857142858,162.13333333333333
2024-03-04,SKU-2,155,0,0,3,163.0,157.0,161.28571428571428,162.03333333333333
2024-03-05,SKU-2,164,0,1,3,155.0,165.0,161.14285714285714,161.7
2024-03-06,SKU-2,158,0,2,3,164.0,163.0,160.42857142857142,162.33333333333334
2024-03-07,SKU-2,160,0,3,3,158.0,156.0,161.0,162.3
2024-03-08,SKU-2,172,0,4,3,160.0,162.0,162.42857142857142,162.86666666666667
2024-03-09,SKU-2,174,0,5,3,172.0,165.0,163.71428571428572,163.0
2024-03-10,SKU-2,162,0,6,3,174.0,163.0,163.57142857142858,162.76666666666668
2024-03-11,SKU-2,167,0,0,3,162.0,155.0,165.28571428571428,162.8
2024-03-12,SKU-2,166,0,1,3,167.0,164.0,165.57142857142858,163.26666666666668
2024-03-13,SKU-2,177,0,2,3,166.0,158.0,168.28571428571428,164.03333333333333
2024-03-14,SKU-2,175,0,3,3,177.0,160.0,170.42857142857142,164.7
2024-03-15,SKU-2,154,0,4,3,175.0,172.0,167.85714285714286,164.86666666666667
2024-03-16,SKU-2,177,0,5,3,154.0,174.0,168.28571428571428,165.16666666666666
2024-03-17,SKU-2,180,0,6,3,177.0,162.0,170.85714285714286,166.2
2024-03-18,SKU-2,170,0,0,3,180.0,167.0,171.28571428571428,165.9
2024-03-19,SKU-2,163,0,1,3,170.0,166.0,170.85714285714286,165.36666666666667
2024-03-20,SKU-2,184,0,2,3,163.0,177.0,171.85714285714286,166.26666666666668
2024-03-21,SKU-2,230,1,3,3,184.0,175.0,179.71428571428572,168.5
2024-03-22,SKU-2,181,0,4,3,230.0,154.0,183.57142857142858,169.2
2024-03-23,SKU-2,181,0,5,3,181.0,177.0,184.14285714285714,169.63333333333333
2024-03-24,SKU-2,175,0,6,3,181.0,180.0,183.42857142857142,169.8
2024-03-25,SKU-2,162,0,0,3,175.0,170.0,182.28571428571428,169.6
2024-03-26,SKU-2,167,0,1,3,162.0,163.0,182.85714285714286,169.5
2024-03-27,SKU-2,165,0,2,3,167.0,184.0,180.14285714285714,169.76666666666668
2024-03-28,SKU-2,158,0,3,3,165.0,230.0,169.85714285714286,169.53333333333333
2024-03-29,SKU-2,172,0,4,3,158.0,181.0,168.57142857142858,169.83333333333334
2024-03-30,SKU-2,184,0,5,3,172.0,181.0,169.0,170.76666666666668
2024-03-31,SKU-2,170,0,6,3,184.0,175.0,168.28571428571428,171.03333333333333
2024-04-01,SKU-2,183,0,0,4,170.0,162.0,171.28571428571428,171.63333333333333
2024-04-02,SKU-2,156,0,1,4,183.0,167.0,169.71428571428572,171.4
2024-04-03,SKU-2,175,0,2,4,156.0,165.0,171.14285714285714,172.06666666666666
2024-04-04,SKU-2,180,0,3,4,175.0,158.0,174.28571428571428,172.6
2024-04-05,SKU-2,166,0,4,4,180.0,172.0,173.42857142857142,172.86666666666667
2024-04-06,SKU-2,172,0,5,4,166.0,184.0,171.71428571428572,173.26666666666668
2024-04-07,SKU-2,181,0,6,4,172.0,170.0,173.28571428571428,173.56666666666666
2024-04-08,SKU-2,172,0,0,4,181.0,183.0,171.71428571428572,173.5
2024-04-09,SKU-2,154,0,1,4,172.0,156.0,171.42857142857142,173.23333333333332
2024-04-10,SKU-2,162,0,2,4,154.0,175.0,169.57142857142858,173.06666666666666
2024-04-11,SKU-2,168,0,3,4,162.0,180.0,167.85714285714286,173.13333333333333
2024-04-12,SKU-2,158,0,4,4,168.0,166.0,166.71428571428572,172.5
2024-04-13,SKU-2,170,0,5,4,158.0,172.0,166.42857142857142,172.33333333333334
2024-04-14,SKU-2,164,0,6,4,170.0,181.0,164.0,172.66666666666666
2024-04-15,SKU-2,166,0,0,4,164.0,172.0,163.14285714285714,172.3
2024-04-16,SKU-2,166,0,1,4,166.0,154.0,164.85714285714286,171.83333333333334
2024-04-17,SKU-2,171,0,2,4,166.0,162.0,166.14285714285714,171.86666666666667
2024-04-18,SKU-2,168,0,3,4,171.0,168.0,166.14285714285714,172.03333333333333
2024-04-19,SKU-2,173,0,4,4,168.0,158.0,168.28571428571428,171.66666666666666
2024-04-20,SKU-2,177,0,5,4,173.0,170.0,169.28571428571428,169.9
2024-04-21,SKU-2,182,0,6,4,177.0,164.0,171.85714285714286,169.93333333333334
2024-04-22,SKU-2,176,0,0,4,182.0,166.0,173.28571428571428,169.76666666666668
2024-04-23,SKU-2,175,0,1,4,176.0,166.0,174.57142857142858,169.76666666666668
2024-04-24,SKU-2,192,0,2,4,175.0,171.0,177.57142857142858,170.76666666666668
2024-04-25,SKU-2,172,0,3,4,192.0,168.0,178.14285714285714,170.93333333333334
2024-04-26,SKU-2,188,0,4,4,172.0,173.0,180.28571428571428,171.7
2024-04-27,SKU-2,177,0,5,4,188.0,177.0,180.28571428571428,172.33333333333334
2024-04-28,SKU-2,174,0,6,4,177.0,182.0,179.14285714285714,172.4
2024-04-29,SKU-2,167,0,0,4,174.0,176.0,177.85714285714286,171.83333333333334
2024-04-30,SKU-2,181,0,1,4,167.0,175.0,178.71428571428572,172.2
2024-05-01,SKU-2,182,0,2,5,181.0,192.0,177.28571428571428,172.16666666666666
2024-05-02,SKU-2,174,0,3,5,182.0,172.0,177.57142857142858,172.76666666666668
2024-05-03,SKU-2,178,0,4,5,174.0,188.0,176.14285714285714,172.86666666666667
2024-05-04,SKU-2,165,0,5,5,178.0,177.0,174.42857142857142,172.36666666666667
2024-05-05,SKU-2,163,0,6,5,165.0,174.0,172.85714285714286,172.26666666666668
2024-05-06,SKU-2,179,0,0,5,163.0,167.0,174.57142857142858,172.5
2024-05-07,SKU-2,169,0,1,5,179.0,181.0,172.85714285714286,172.1
2024-05-08,SKU-2,175,0,2,5,169.0,182.0,171.85714285714286,172.2
2024-05-09,SKU-2,164,0,3,5,175.0,174.0,170.42857142857142,172.53333333333333
2024-05-10,SKU-2,182,0,4,5,164.0,178.0,171.0,173.2
2024-05-11,SKU-2,163,0,5,5,182.0,165.0,170.71428571428572,173.03333333333333
2024-05-12,SKU-2,165,0,6,5,163.0,163.0,171.0,173.26666666666668
2024-05-13,SKU-2,180,0,0,5,165.0,179.0,171.14285714285714,173.6
2024-05-14,SKU-2,151,0,1,5,180.0,169.0,168.57142857142858,173.16666666666666
2024-05-15,SKU-2,173,0,2,5,151.0,175.0,168.28571428571428,173.4
2024-05-16,SKU-2,169,0,3,5,173.0,164.0,169.0,173.5
2024-05-17,SKU-2,164,0,4,5,169.0,182.0,166.42857142857142,173.26666666666668
2024-05-18,SKU-2,173,0,5,5,164.0,163.0,167.85714285714286,173.43333333333334
2024-05-19,SKU-2,168,0,6,5,173.0,165.0,168.28571428571428,173.26666666666668
2024-05-20,SKU-2,181,0,0,5,168.0,180.0,168.42857142857142,173.4
2024-05-21,SKU-2,183,0,1,5,181.0,151.0,173.0,173.43333333333334
2024-05-22,SKU-2,165,0,2,5,183.0,173.0,171.85714285714286,173.06666666666666
2024-05-23,SKU-2,172,0,3,5,165.0,169.0,172.28571428571428,172.96666666666667
2024-05-24,SKU-2,160,0,4,5,172.0,164.0,171.71428571428572,171.9
2024-05-25,SKU-2,182,0,5,5,160.0,173.0,173.0,172.23333333333332
2024-05-26,SKU-2,182,0,6,5,182.0,168.0,175.0,172.03333333333333
2024-05-27,SKU-2,167,0,0,5,182.0,181.0,173.0,171.7
2024-05-28,SKU-2,170,0,1,5,167.0,183.0,171.14285714285714,171.56666666666666
2024-05-29,SKU-2,169,0,2,5,170.0,165.0,171.71428571428572,171.63333333333333
2024-05-30,SKU-2,158,0,3,5,169.0,172.0,169.71428571428572,170.86666666666667
2024-05-31,SKU-2,181,0,4,5,158.0,160.0,172.71428571428572,170.83333333333334
2024-06-01,SKU-2,169,0,5,6,181.0,182.0,170.85714285714286,170.66666666666666
2024-06-02,SKU-2,169,0,6,6,169.0,182.0,169.0,170.36666666666667
2024-06-03,SKU-2,168,0,0,6,169.0,167.0,169.14285714285714,170.46666666666667
2024-06-04,SKU-2,177,0,1,6,168.0,170.0,170.14285714285714,170.93333333333334
2024-06-05,SKU-2,165,0,2,6,177.0,169.0,169.57142857142858,170.46666666666667
2024-06-06,SKU-2,155,0,3,6,165.0,158.0,169.14285714285714,170.0
2024-06-07,SKU-2,163,0,4,6,155.0,181.0,166.57142857142858,169.6
2024-06-08,SKU-2,177,0,5,6,163.0,169.0,167.71428571428572,170.03333333333333
2024-06-09,SKU-2,249,1,6,6,177.0,169.0,179.14285714285714,172.26666666666668
2024-06-10,SKU-2,160,0,0,6,249.0,168.0,178.0,172.16666666666666
2024-06-11,SKU-2,218,1,1,6,160.0,177.0,183.85714285714286,173.93333333333334
2024-06-12,SKU-2,158,0,2,6,218.0,165.0,182.85714285714286,173.2
2024-06-13,SKU-2,157,0,3,6,158.0,155.0,183.14285714285714,173.4
2024-06-14,SKU-2,178,0,4,6,157.0,163.0,185.28571428571428,173.56666666666666
2024-06-15,SKU-2,185,0,5,6,178.0,177.0,186.42857142857142,174.1
2024-06-16,SKU-2,175,0,6,6,185.0,249.0,175.85714285714286,174.46666666666667
2024-06-17,SKU-2,165,0,0,6,175.0,160.0,176.57142857142858,174.2
2024-06-18,SKU-2,182,0,1,6,165.0,218.0,171.42857142857142,174.66666666666666
2024-06-19,SKU-2,170,0,2,6,182.0,158.0,173.14285714285714,174.3
2024-06-20,SKU-2,177,0,3,6,170.0,157.0,176.0,174.1
2024-06-21,SKU-2,165,0,4,6,177.0,178.0,174.14285714285714,174.1
2024-06-22,SKU-2,174,0,5,6,165.0,185.0,172.57142857142858,174.16666666666666
2024-06-23,SKU-2,164,0,6,6,174.0,175.0,171.0,174.3
2024-06-24,SKU-2,173,0,0,6,164.0,165.0,172.14285714285714,174.0
2024-06-25,SKU-2,170,0,1,6,173.0,182.0,170.42857142857142,173.6
2024-06-26,SKU-2,162,0,2,6,170.0,170.0,169.28571428571428,173.43333333333334
2024-06-27,SKU-2,162,0,3,6,162.0,177.0,167.14285714285714,173.16666666666666
2024-06-28,SKU-2,180,0,4,6,162.0,165.0,169.28571428571428,173.53333333333333
2024-06-29,SKU-2,187,0,5,6,180.0,174.0,171.14285714285714,174.5
2024-06-30,SKU-2,171,0,6,6,187.0,164.0,172.14285714285714,174.16666666666666
2024-07-01,SKU-2,168,0,0,7,171.0,173.0,171.42857142857142,174.13333333333333
2024-07-02,SKU-2,230,1,1,7,168.0,170.0,180.0,176.16666666666666
2024-07-03,SKU-2,169,0,2,7,230.0,162.0,181.0,176.2
2024-07-04,SKU-2,155,0,3,7,169.0,162.0,180.0,175.46666666666667
2024-07-05,SKU-2,171,0,4,7,155.0,180.0,178.71428571428572,175.66666666666666
2024-07-06,SKU-2,157,0,5,7,171.0,187.0,174.42857142857142,175.73333333333332
2024-07-07,SKU-2,167,0,6,7,157.0,171.0,173.85714285714286,175.86666666666667
2024-07-08,SKU-2,171,0,0,7,167.0,168.0,174.28571428571428,175.66666666666666
2024-07-09,SKU-2,172,0,1,7,171.0,230.0,166.0,173.1
2024-07-10,SKU-2,161,0,2,7,172.0,169.0,164.85714285714286,173.13333333333333
2024-07-11,SKU-2,164,0,3,7,161.0,155.0,166.14285714285714,171.33333333333334
2024-07-12,SKU-2,163,0,4,7,164.0,171.0,165.0,171.5
2024-07-13,SKU-2,171,0,5,7,163.0,157.0,167.0,171.96666666666667
2024-07-14,SKU-2,172,0,6,7,171.0,167.0,167.71428571428572,171.76666666666668
2024-07-15,SKU-2,172,0,0,7,172.0,171.0,167.85714285714286,171.33333333333334
2024-07-16,SKU-2,163,0,1,7,172.0,172.0,166.57142857142858,170.93333333333334
2024-07-17,SKU-2,170,0,2,7,163.0,161.0,167.85714285714286,171.1
2024-07-18,SKU-2,171,0,3,7,170.0,164.0,168.85714285714286,170.73333333333332
2024-07-19,SKU-2,168,0,4,7,171.0,163.0,169.57142857142858,170.66666666666666
2024-07-20,SKU-2,170,0,5,7,168.0,171.0,169.42857142857142,170.43333333333334
2024-07-21,SKU-2,173,0,6,7,170.0,172.0,169.57142857142858,170.7
2024-07-22,SKU-2,172,0,0,7,173.0,172.0,169.57142857142858,170.63333333333333
2024-07-23,SKU-2,173,0,1,7,172.0,163.0,171.0,170.93333333333334
2024-07-24,SKU-2,180,0,2,7,173.0,170.0,172.42857142857142,171.16666666666666
2024-07-25,SKU-2,159,0,3,7,180.0,171.0,170.71428571428572,170.8
2024-07-26,SKU-2,163,0,4,7,159.0,168.0,170.0,170.83333333333334
2024-07-27,SKU-2,160,0,5,7,163.0,170.0,168.57142857142858,170.76666666666668
2024-07-28,SKU-2,178,0,6,7,160.0,173.0,169.28571428571428,170.7
2024-07-29,SKU-2,164,0,0,7,178.0,172.0,168.14285714285714,169.93333333333334
2024-07-30,SKU-2,168,0,1,7,164.0,173.0,167.42857142857142,169.83333333333334
2024-07-31,SKU-2,162,0,2,7,168.0,180.0,164.85714285714286,169.63333333333333
2024-08-01,SKU-2,164,0,3,8,162.0,159.0,165.57142857142858,167.43333333333334
2024-08-02,SKU-2,175,0,4,8,164.0,163.0,167.28571428571428,167.63333333333333
2024-08-03,SKU-2,176,0,5,8,175.0,160.0,169.57142857142858,168.33333333333334
2024-08-04,SKU-2,170,0,6,8,176.0,178.0,168.42857142857142,168.3
2024-08-05,SKU-2,172,0,0,8,170.0,164.0,169.57142857142858,168.8
2024-08-06,SKU-2,172,0,1,8,172.0,168.0,170.14285714285714,168.96666666666667
2024-08-07,SKU-2,222,1,2,8,172.0,162.0,178.71428571428572,170.66666666666666
2024-08-08,SKU-2,155,0,3,8,222.0,164.0,177.42857142857142,170.1
2024-08-09,SKU-2,160,0,4,8,155.0,175.0,175.28571428571428,170.06666666666666
2024-08-10,SKU-2,161,0,5,8,160.0,176.0,173.14285714285714,169.96666666666667
2024-08-11,SKU-2,180,0,6,8,161.0,170.0,174.57142857142858,170.53333333333333
2024-08-12,SKU-2,235,1,0,8,180.0,172.0,183.57142857142858,172.66666666666666
2024-08-13,SKU-2,178,0,1,8,235.0,172.0,184.42857142857142,172.86666666666667
2024-08-14,SKU-2,151,0,2,8,178.0,222.0,174.28571428571428,172.16666666666666
2024-08-15,SKU-2,233,1,3,8,151.0,155.0,185.42857142857142,174.5
2024-08-16,SKU-2,182,0,4,8,233.0,160.0,188.57142857142858,174.9
2024-08-17,SKU-2,179,0,5,8,182.0,161.0,191.14285714285714,175.16666666666666
2024-08-18,SKU-2,155,0,6,8,179.0,180.0,187.57142857142858,174.73333333333332
2024-08-19,SKU-2,179,0,0,8,155.0,235.0,179.57142857142858,175.03333333333333
2024-08-20,SKU-2,166,0,1,8,179.0,178.0,177.85714285714286,174.8
2024-08-21,SKU-2,164,0,2,8,166.0,151.0,179.71428571428572,174.53333333333333
2024-08-22,SKU-2,169,0,3,8,164.0,233.0,170.57142857142858,174.4
2024-08-23,SKU-2,158,0,4,8,169.0,182.0,167.14285714285714,173.66666666666666
2024-08-24,SKU-2,230,1,5,8,158.0,179.0,174.42857142857142,176.03333333333333
2024-08-25,SKU-2,183,0,6,8,230.0,155.0,178.42857142857142,176.7
2024-08-26,SKU-2,171,0,0,8,183.0,179.0,177.28571428571428,177.06666666666666
2024-08-27,SKU-2,167,0,1,8,171.0,166.0,177.42857142857142,176.7
2024-08-28,SKU-2,167,0,2,8,167.0,164.0,177.85714285714286,176.8
2024-08-29,SKU-2,158,0,3,8,167.0,169.0,176.28571428571428,176.46666666666667
2024-08-30,SKU-2,165,0,4,8,158.0,158.0,177.28571428571428,176.56666666666666
2024-08-31,SKU-2,159,0,5,8,165.0,230.0,167.14285714285714,176.4
2024-09-01,SKU-2,238,1,6,9,159.0,183.0,175.0,178.5
2024-09-02,SKU-2,150,0,0,9,238.0,171.0,172.0,177.63333333333333
2024-09-03,SKU-2,173,0,1,9,150.0,167.0,172.85714285714286,177.73333333333332
2024-09-04,SKU-2,174,0,2,9,173.0,167.0,173.85714285714286,177.8
2024-09-05,SKU-2,176,0,3,9,174.0,158.0,176.42857142857142,177.93333333333334
2024-09-06,SKU-2,167,0,4,9,176.0,165.0,176.71428571428572,176.1
2024-09-07,SKU-2,178,0,5,9,167.0,159.0,179.42857142857142,176.86666666666667
2024-09-08,SKU-2,170,0,6,9,178.0,238.0,169.71428571428572,177.2
2024-09-09,SKU-2,158,0,0,9,170.0,150.0,170.85714285714286,177.1
2024-09-10,SKU-2,178,0,1,9,158.0,173.0,171.57142857142858,177.03333333333333
2024-09-11,SKU-2,166,0,2,9,178.0,174.0,170.42857142857142,174.73333333333332
2024-09-12,SKU-2,156,0,3,9,166.0,176.0,167.57142857142858,174.0
2024-09-13,SKU-2,163,0,4,9,156.0,167.0,167.0,174.4
2024-09-14,SKU-2,169,0,5,9,163.0,178.0,165.71428571428572,172.26666666666668
2024-09-15,SKU-2,175,0,6,9,169.0,170.0,166.42857142857142,172.03333333333333
2024-09-16,SKU-2,184,0,0,9,175.0,158.0,170.14285714285714,172.2
2024-09-17,SKU-2,171,0,1,9,184.0,178.0,169.14285714285714,172.73333333333332
2024-09-18,SKU-2,169,0,2,9,171.0,166.0,169.57142857142858,172.4
2024-09-19,SKU-2,185,0,3,9,169.0,156.0,173.71428571428572,173.03333333333333
2024-09-20,SKU-2,175,0,4,9,185.0,163.0,175.42857142857142,173.4
2024-09-21,SKU-2,233,1,5,9,175.0,169.0,184.57142857142858,175.53333333333333
2024-09-22,SKU-2,169,0,6,9,233.0,175.0,183.71428571428572,175.9
2024-09-23,SKU-2,229,1,0,9,169.0,184.0,190.14285714285714,175.86666666666667
2024-09-24,SKU-2,167,0,1,9,229.0,171.0,189.57142857142858,175.33333333333334
2024-09-25,SKU-2,169,0,2,9,167.0,169.0,189.57142857142858,175.26666666666668
2024-09-26,SKU-2,178,0,3,9,169.0,185.0,188.57142857142858,175.63333333333333
2024-09-27,SKU-2,164,0,4,9,178.0,175.0,187.0,175.53333333333333
2024-09-28,SKU-2,177,0,5,9,164.0,233.0,179.0,176.16666666666666
2024-09-29,SKU-2,180,0,6,9,177.0,169.0,180.57142857142858,176.66666666666666
2024-09-30,SKU-2,164,0,0,9,180.0,229.0,171.28571428571428,176.83333333333334
2024-10-01,SKU-2,162,0,1,10,164.0,167.0,170.57142857142858,174.3
2024-10-02,SKU-2,168,0,2,10,162.0,169.0,170.42857142857142,174.9
2024-10-03,SKU-2,165,0,3,10,168.0,178.0,168.57142857142858,174.63333333333333
2024-10-04,SKU-2,177,0,4,10,165.0,164.0,170.42857142857142,174.73333333333332
2024-10-05,SKU-2,167,0,5,10,177.0,177.0,169.0,174.43333333333334
2024-10-06,SKU-2,175,0,6,10,167.0,180.0,168.28571428571428,174.7
2024-10-07,SKU-2,188,0,0,10,175.0,164.0,171.71428571428572,175.03333333333333
2024-10-08,SKU-2,172,0,1,10,188.0,162.0,173.14285714285714,175.1
2024-10-09,SKU-2,174,0,2,10,172.0,168.0,174.0,175.63333333333333
2024-10-10,SKU-2,237,1,3,10,174.0,165.0,184.28571428571428,177.6
2024-10-11,SKU-2,166,0,4,10,237.0,177.0,182.71428571428572,177.6
2024-10-12,SKU-2,167,0,5,10,166.0,167.0,182.71428571428572,177.96666666666667
2024-10-13,SKU-2,176,0,6,10,167.0,175.0,182.85714285714286,178.4
2024-10-14,SKU-2,172,0,0,10,176.0,188.0,180.57142857142858,178.5
2024-10-15,SKU-2,159,0,1,10,172.0,172.0,178.71428571428572,177.96666666666667
2024-10-16,SKU-2,173,0,2,10,159.0,174.0,178.57142857142858,177.6
2024-10-17,SKU-2,237,1,3,10,173.0,237.0,178.57142857142858,179.8
2024-10-18,SKU-2,164,0,4,10,237.0,166.0,178.28571428571428,179.63333333333333
2024-10-19,SKU-2,238,1,5,10,164.0,167.0,188.42857142857142,181.4
2024-10-20,SKU-2,183,0,6,10,238.0,176.0,189.42857142857142,181.66666666666666
2024-10-21,SKU-2,176,0,0,10,183.0,172.0,190.0,179.76666666666668
2024-10-22,SKU-2,177,0,1,10,176.0,159.0,192.57142857142858,180.03333333333333
2024-10-23,SKU-2,170,0,2,10,177.0,173.0,192.14285714285714,178.06666666666666
2024-10-24,SKU-2,164,0,3,10,170.0,237.0,181.71428571428572,177.96666666666667
2024-10-25,SKU-2,228,1,4,10,164.0,164.0,190.85714285714286,179.93333333333334
2024-10-26,SKU-2,173,0,5,10,228.0,238.0,181.57142857142858,179.76666666666668
2024-10-27,SKU-2,236,1,6,10,173.0,183.0,189.14285714285714,182.16666666666666
2024-10-28,SKU-2,181,0,0,10,236.0,176.0,189.85714285714286,182.3
2024-10-29,SKU-2,163,0,1,10,181.0,177.0,187.85714285714286,181.73333333333332
2024-10-30,SKU-2,174,0,2,10,163.0,170.0,188.42857142857142,182.06666666666666
2024-10-31,SKU-2,166,0,3,10,174.0,164.0,188.71428571428572,182.2
2024-11-01,SKU-2,168,0,4,11,166.0,228.0,180.14285714285714,182.2
2024-11-02,SKU-2,183,0,5,11,168.0,173.0,181.57142857142858,182.8
2024-11-03,SKU-2,170,0,6,11,183.0,236.0,172.14285714285714,182.56666666666666
2024-11-04,SKU-2,180,0,0,11,170.0,181.0,172.0,183.0
2024-11-05,SKU-2,164,0,1,11,180.0,163.0,172.14285714285714,182.63333333333333
2024-11-06,SKU-2,180,0,2,11,164.0,174.0,173.0,182.36666666666667
2024-11-07,SKU-2,163,0,3,11,180.0,166.0,172.57142857142858,182.06666666666666
2024-11-08,SKU-2,171,0,4,11,163.0,168.0,173.0,181.96666666666667
2024-11-09,SKU-2,194,0,5,11,171.0,183.0,174.57142857142858,180.53333333333333
2024-11-10,SKU-2,193,0,6,11,194.0,170.0,177.85714285714286,181.43333333333334
2024-11-11,SKU-2,173,0,0,11,193.0,180.0,176.85714285714286,181.63333333333333
2024-11-12,SKU-2,179,0,1,11,173.0,164.0,179.0,181.73333333333332
2024-11-13,SKU-2,185,0,2,11,179.0,180.0,179.71428571428572,182.16666666666666
2024-11-14,SKU-2,181,0,3,11,185.0,163.0,182.28571428571428,182.9
2024-11-15,SKU-2,175,0,4,11,181.0,171.0,182.85714285714286,182.96666666666667
2024-11-16,SKU-2,176,0,5,11,175.0,194.0,180.28571428571428,180.93333333333334
2024-11-17,SKU-2,189,0,6,11,176.0,193.0,179.71428571428572,181.76666666666668
2024-11-18,SKU-2,186,0,0,11,189.0,173.0,181.57142857142858,180.03333333333333
2024-11-19,SKU-2,190,0,1,11,186.0,179.0,183.14285714285714,180.26666666666668
2024-11-20,SKU-2,165,0,2,11,190.0,185.0,180.28571428571428,179.9
2024-11-21,SKU-2,169,0,3,11,165.0,181.0,178.57142857142858,179.63333333333333
2024-11-22,SKU-2,187,0,4,11,169.0,175.0,180.28571428571428,180.2
2024-11-23,SKU-2,172,0,5,11,187.0,176.0,179.71428571428572,180.46666666666667
2024-11-24,SKU-2,193,0,6,11,172.0,189.0,180.28571428571428,179.3
2024-11-25,SKU-2,178,0,0,11,193.0,186.0,179.14285714285714,179.46666666666667
2024-11-26,SKU-2,234,1,1,11,178.0,190.0,185.42857142857142,179.4
2024-11-27,SKU-2,181,0,2,11,234.0,165.0,187.71428571428572,179.4
2024-11-28,SKU-2,170,0,3,11,181.0,169.0,187.85714285714286,179.63333333333333
2024-11-29,SKU-2,186,0,4,11,170.0,187.0,187.71428571428572,180.03333333333333
2024-11-30,SKU-2,257,1,5,11,186.0,172.0,199.85714285714286,183.06666666666666
2024-12-01,SKU-2,192,0,6,12,257.0,193.0,199.71428571428572,183.86666666666667
2024-12-02,SKU-2,179,0,0,12,192.0,178.0,199.85714285714286,183.73333333333332
2024-12-03,SKU-2,170,0,1,12,179.0,234.0,190.71428571428572,183.73333333333332
2024-12-04,SKU-2,171,0,2,12,170.0,181.0,189.28571428571428,183.43333333333334
2024-12-05,SKU-2,172,0,3,12,171.0,170.0,189.57142857142858,183.7
2024-12-06,SKU-2,182,0,4,12,172.0,186.0,189.0,183.76666666666668
2024-12-07,SKU-2,188,0,5,12,182.0,257.0,179.14285714285714,184.6
2024-12-08,SKU-2,194,0,6,12,188.0,192.0,179.42857142857142,185.36666666666667
2024-12-09,SKU-2,170,0,0,12,194.0,179.0,178.14285714285714,184.56666666666666
2024-12-10,SKU-2,252,1,1,12,170.0,170.0,189.85714285714286,186.53333333333333
2024-12-11,SKU-2,189,0,2,12,252.0,171.0,192.42857142857142,187.06666666666666
2024-12-12,SKU-2,181,0,3,12,189.0,172.0,193.71428571428572,187.13333333333333
2024-12-13,SKU-2,175,0,4,12,181.0,182.0,192.71428571428572,186.8
2024-12-14,SKU-2,257,1,5,12,175.0,188.0,202.57142857142858,189.33333333333334
2024-12-15,SKU-2,187,0,6,12,257.0,194.0,201.57142857142858,189.73333333333332
2024-12-16,SKU-2,185,0,0,12,187.0,170.0,203.71428571428572,190.03333333333333
2024-12-17,SKU-2,188,0,1,12,185.0,252.0,194.57142857142858,190.0
2024-12-18,SKU-2,179,0,2,12,188.0,189.0,193.14285714285714,189.76666666666668
2024-12-19,SKU-2,184,0,3,12,179.0,181.0,193.57142857142858,189.56666666666666
2024-12-20,SKU-2,192,0,4,12,184.0,175.0,196.0,190.46666666666667
2024-12-21,SKU-2,197,0,5,12,192.0,257.0,187.42857142857142,191.4
2024-12-22,SKU-2,197,0,6,12,197.0,187.0,188.85714285714286,191.73333333333332
2024-12-23,SKU-2,178,0,0,12,197.0,185.0,187.85714285714286,191.93333333333334
2024-12-24,SKU-2,185,0,1,12,178.0,188.0,187.42857142857142,191.66666666666666
2024-12-25,SKU-2,184,0,2,12,185.0,179.0,188.14285714285714,191.86666666666667
2024-12-26,SKU-2,191,0,3,12,184.0,184.0,189.14285714285714,190.43333333333334
2024-12-27,SKU-2,190,0,4,12,191.0,192.0,188.85714285714286,190.73333333333332
2024-12-28,SKU-2,194,0,5,12,190.0,197.0,188.42857142857142,191.53333333333333
2024-12-29,SKU-2,212,0,6,12,194.0,197.0,190.57142857142858,192.4
2024-12-30,SKU-2,187,0,0,12,212.0,178.0,191.85714285714286,190.06666666666666
2024-12-31,SKU-2,186,0,1,12,187.0,185.0,192.0,189.86666666666667
2024-01-01,SKU-3,85,0,0,1,186.0,184.0,177.85714285714286,186.73333333333332
2024-01-02,SKU-3,88,0,1,1,85.0,191.0,163.14285714285714,184.0
2024-01-03,SKU-3,79,0,2,1,88.0,190.0,147.28571428571428,180.93333333333334
2024-01-04,SKU-3,84,0,3,1,79.0,194.0,131.57142857142858,178.0
2024-01-05,SKU-3,90,0,4,1,84.0,212.0,114.14285714285714,174.93333333333334
2024-01-06,SKU-3,86,0,5,1,90.0,187.0,99.71428571428571,171.53333333333333
2024-01-07,SKU-3,93,0,6,1,86.0,186.0,86.42857142857143,168.16666666666666
2024-01-08,SKU-3,81,0,0,1,93.0,85.0,85.85714285714286,165.2
2024-01-09,SKU-3,89,0,1,1,81.0,88.0,86.0,159.76666666666668
2024-01-10,SKU-3,88,0,2,1,89.0,79.0,87.28571428571429,156.4
2024-01-11,SKU-3,81,0,3,1,88.0,84.0,86.85714285714286,153.06666666666666
2024-01-12,SKU-3,93,0,4,1,81.0,90.0,87.28571428571429,150.33333333333334
2024-01-13,SKU-3,90,0,5,1,93.0,86.0,87.85714285714286,144.76666666666668
2024-01-14,SKU-3,90,0,6,1,90.0,93.0,87.42857142857143,141.53333333333333
2024-01-15,SKU-3,90,0,0,1,90.0,81.0,88.71428571428571,138.36666666666667
2024-01-16,SKU-3,94,0,1,1,90.0,89.0,89.42857142857143,135.23333333333332
2024-01-17,SKU-3,85,0,2,1,94.0,88.0,89.0,132.1
2024-01-18,SKU-3,90,0,3,1,85.0,81.0,90.28571428571429,128.96666666666667
2024-01-19,SKU-3,92,0,4,1,90.0,93.0,90.14285714285714,125.63333333333334
2024-01-20,SKU-3,98,0,5,1,92.0,90.0,91.28571428571429,122.33333333333333
2024-01-21,SKU-3,96,0,6,1,98.0,90.0,92.14285714285714,118.96666666666667
2024-01-22,SKU-3,89,0,0,1,96.0,90.0,92.0,116.0
2024-01-23,SKU-3,88,0,1,1,89.0,94.0,91.14285714285714,112.76666666666667
2024-01-24,SKU-3,92,0,2,1,88.0,85.0,92.14285714285714,109.7
2024-01-25,SKU-3,87,0,3,1,92.0,90.0,91.71428571428571,106.23333333333333
2024-01-26,SKU-3,80,0,4,1,87.0,92.0,90.0,102.56666666666666
2024-01-27,SKU-3,99,0,5,1,80.0,98.0,90.14285714285714,99.4
2024-01-28,SKU-3,101,0,6,1,99.0,96.0,90.85714285714286,95.7
2024-01-29,SKU-3,83,0,0,1,101.0,89.0,90.0,92.23333333333333
2024-01-30,SKU-3,89,0,1,1,83.0,88.0,90.14285714285714,89.0
2024-01-31,SKU-3,96,0,2,1,89.0,92.0,90.71428571428571,89.36666666666666
2024-02-01,SKU-3,102,0,3,2,96.0,87.0,92.85714285714286,89.83333333333333
2024-02-02,SKU-3,94,0,4,2,102.0,80.0,94.85714285714286,90.33333333333333
2024-02-03,SKU-3,96,0,5,2,94.0,99.0,94.42857142857143,90.73333333333333
2024-02-04,SKU-3,99,0,6,2,96.0,101.0,94.14285714285714,91.03333333333333
2024-02-05,SKU-3,100,0,0,2,99.0,83.0,96.57142857142857,91.5
2024-02-06,SKU-3,92,0,1,2,100.0,89.0,97.0,91.46666666666667
2024-02-07,SKU-3,92,0,2,2,92.0,96.0,96.42857142857143,91.83333333333333
2024-02-08,SKU-3,93,0,3,2,92.0,102.0,95.14285714285714,91.96666666666667
2024-02-09,SKU-3,92,0,4,2,93.0,94.0,94.85714285714286,92.1
2024-02-10,SKU-3,101,0,5,2,92.0,96.0,95.57142857142857,92.76666666666667
2024-02-11,SKU-3,108,0,6,2,101.0,99.0,96.85714285714286,93.26666666666667
2024-02-12,SKU-3,132,1,0,2,108.0,100.0,101.42857142857143,94.66666666666667
2024-02-13,SKU-3,96,0,1,2,132.0,92.0,102.0,94.86666666666666
2024-02-14,SKU-3,96,0,2,2,96.0,92.0,102.57142857142857,95.06666666666666
2024-02-15,SKU-3,90,0,3,2,96.0,93.0,102.14285714285714,94.93333333333334
2024-02-16,SKU-3,101,0,4,2,90.0,92.0,103.42857142857143,95.46666666666667
2024-02-17,SKU-3,102,0,5,2,101.0,101.0,103.57142857142857,95.86666666666666
2024-02-18,SKU-3,102,0,6,2,102.0,108.0,102.71428571428571,96.2
2024-02-19,SKU-3,112,0,0,2,102.0,132.0,99.85714285714286,96.66666666666667
2024-02-20,SKU-3,99,0,1,2,112.0,96.0,100.28571428571429,96.76666666666667
2024-02-21,SKU-3,95,0,2,2,99.0,96.0,100.14285714285714,96.96666666666667
2024-02-22,SKU-3,97,0,3,2,95.0,90.0,101.14285714285714,97.26666666666667
2024-02-23,SKU-3,104,0,4,2,97.0,101.0,101.57142857142857,97.66666666666667
2024-02-24,SKU-3,105,0,5,2,104.0,102.0,102.0,98.26666666666667
2024-02-25,SKU-3,98,0,6,2,105.0,102.0,101.42857142857143,98.86666666666666
2024-02-26,SKU-3,103,0,0,2,98.0,112.0,100.14285714285714,99.0
2024-02-27,SKU-3,97,0,1,2,103.0,99.0,99.85714285714286,98.86666666666666
2024-02-28,SKU-3,108,0,2,2,97.0,95.0,101.71428571428571,99.7
2024-02-29,SKU-3,105,0,3,2,108.0,97.0,102.85714285714286,100.23333333333333
2024-03-01,SKU-3,98,0,4,3,105.0,104.0,102.0,100.3
2024-03-02,SKU-3,111,0,5,3,98.0,105.0,102.85714285714286,100.6
2024-03-03,SKU-3,106,0,6,3,111.0,98.0,104.0,101.0
2024-03-04,SKU-3,104,0,0,3,106.0,103.0,104.14285714285714,101.26666666666667
2024-03-05,SKU-3,103,0,1,3,104.0,97.0,105.0,101.4
2024-03-06,SKU-3,98,0,2,3,103.0,108.0,103.57142857142857,101.33333333333333
2024-03-07,SKU-3,99,0,3,3,98.0,105.0,102.71428571428571,101.56666666666666
2024-03-08,SKU-3,106,0,4,3,99.0,98.0,103.85714285714286,102.03333333333333
2024-03-09,SKU-3,105,0,5,3,106.0,111.0,103.0,102.43333333333334
2024-03-10,SKU-3,105,0,6,3,105.0,106.0,102.85714285714286,102.86666666666666
2024-03-11,SKU-3,98,0,0,3,105.0,104.0,102.0,102.76666666666667
2024-03-12,SKU-3,104,0,1,3,98.0,103.0,102.14285714285714,102.63333333333334
2024-03-13,SKU-3,111,0,2,3,104.0,98.0,104.0,101.93333333333334
2024-03-14,SKU-3,98,0,3,3,111.0,99.0,103.85714285714286,102.0
2024-03-15,SKU-3,103,0,4,3,98.0,106.0,103.42857142857143,102.23333333333333
2024-03-16,SKU-3,114,0,5,3,103.0,105.0,104.71428571428571,103.03333333333333
2024-03-17,SKU-3,108,0,6,3,114.0,105.0,105.14285714285714,103.26666666666667
2024-03-18,SKU-3,105,0,0,3,108.0,98.0,106.14285714285714,103.36666666666666
2024-03-19,SKU-3,99,0,1,3,105.0,104.0,105.42857142857143,103.26666666666667
2024-03-20,SKU-3,105,0,2,3,99.0,111.0,104.57142857142857,103.03333333333333
2024-03-21,SKU-3,103,0,3,3,105.0,98.0,105.28571428571429,103.16666666666667
2024-03-22,SKU-3,108,0,4,3,103.0,103.0,106.0,103.6
2024-03-23,SKU-3,114,0,5,3,108.0,114.0,106.0,104.16666666666667
2024-03-24,SKU-3,120,0,6,3,114.0,108.0,107.71428571428571,104.7
2024-03-25,SKU-3,107,0,0,3,120.0,105.0,108.0,104.76666666666667
2024-03-26,SKU-3,106,0,1,3,107.0,99.0,109.0,105.03333333333333
2024-03-27,SKU-3,105,0,2,3,106.0,105.0,109.0,105.1
2024-03-28,SKU-3,103,0,3,3,105.0,103.0,109.0,105.3
2024-03-29,SKU-3,106,0,4,3,103.0,108.0,108.71428571428571,105.23333333333333
2024-03-30,SKU-3,142,1,5,3,106.0,114.0,112.71428571428571,106.46666666666667
2024-03-31,SKU-3,111,0,6,3,142.0,120.0,111.42857142857143,106.9
2024-04-01,SKU-3,111,0,0,4,111.0,107.0,112.0,106.9
2024-04-02,SKU-3,135,1,1,4,111.0,106.0,116.14285714285714,107.86666666666666
2024-04-03,SKU-3,110,0,2,4,135.0,105.0,116.85714285714286,108.06666666666666
2024-04-04,SKU-3,111,0,3,4,110.0,103.0,118.0,108.33333333333333
2024-04-05,SKU-3,105,0,4,4,111.0,106.0,117.85714285714286,108.56666666666666
2024-04-06,SKU-3,101,0,5,4,105.0,142.0,112.0,108.63333333333334
2024-04-07,SKU-3,108,0,6,4,101.0,111.0,111.57142857142857,108.7
2024-04-08,SKU-3,145,1,0,4,108.0,111.0,116.42857142857143,110.03333333333333
2024-04-09,SKU-3,106,0,1,4,145.0,135.0,112.28571428571429,110.06666666666666
2024-04-10,SKU-3,102,0,2,4,106.0,110.0,111.14285714285714,110.2
2024-04-11,SKU-3,104,0,3,4,102.0,111.0,110.14285714285714,110.2
2024-04-12,SKU-3,110,0,4,4,104.0,105.0,110.85714285714286,110.16666666666667
2024-04-13,SKU-3,113,0,5,4,110.0,101.0,112.57142857142857,110.66666666666667
2024-04-14,SKU-3,110,0,6,4,113.0,108.0,112.85714285714286,110.9
2024-04-15,SKU-3,105,0,0,4,110.0,145.0,107.14285714285714,110.6
2024-04-16,SKU-3,105,0,1,4,105.0,106.0,107.0,110.5
2024-04-17,SKU-3,102,0,2,4,105.0,102.0,107.0,110.4
2024-04-18,SKU-3,113,0,3,4,102.0,104.0,108.28571428571429,110.86666666666666
2024-04-19,SKU-3,105,0,4,4,113.0,110.0,107.57142857142857,110.86666666666666
2024-04-20,SKU-3,117,0,5,4,105.0,113.0,108.14285714285714,111.33333333333333
2024-04-21,SKU-3,118,0,6,4,117.0,110.0,109.28571428571429,111.66666666666667
2024-04-22,SKU-3,111,0,0,4,118.0,105.0,110.14285714285714,111.56666666666666
2024-04-23,SKU-3,105,0,1,4,111.0,105.0,110.14285714285714,111.06666666666666
2024-04-24,SKU-3,108,0,2,4,105.0,102.0,111.0,111.1
2024-04-25,SKU-3,107,0,3,4,108.0,113.0,110.14285714285714,111.13333333333334
2024-04-26,SKU-3,103,0,4,4,107.0,105.0,109.85714285714286,111.06666666666666
2024-04-27,SKU-3,113,0,5,4,103.0,117.0,109.28571428571429,111.4
2024-04-28,SKU-3,107,0,6,4,113.0,118.0,107.71428571428571,111.43333333333334
2024-04-29,SKU-3,112,0,0,4,107.0,111.0,107.85714285714286,110.43333333333334
2024-04-30,SKU-3,105,0,1,4,112.0,105.0,107.85714285714286,110.23333333333333
2024-05-01,SKU-3,108,0,2,5,105.0,108.0,107.85714285714286,110.13333333333334
2024-05-02,SKU-3,108,0,3,5,108.0,107.0,108.0,109.23333333333333
2024-05-03,SKU-3,106,0,4,5,108.0,103.0,108.42857142857143,109.1
2024-05-04,SKU-3,114,0,5,5,106.0,113.0,108.57142857142857,109.2
2024-05-05,SKU-3,110,0,6,5,114.0,107.0,109.0,109.36666666666666
2024-05-06,SKU-3,145,1,0,5,110.0,112.0,113.71428571428571,110.83333333333333
2024-05-07,SKU-3,101,0,1,5,145.0,105.0,113.14285714285714,110.6
2024-05-08,SKU-3,108,0,2,5,101.0,108.0,113.14285714285714,109.36666666666666
2024-05-09,SKU-3,115,0,3,5,108.0,108.0,114.14285714285714,109.66666666666667
2024-05-10,SKU-3,103,0,4,5,115.0,106.0,113.71428571428571,109.7
2024-05-11,SKU-3,109,0,5,5,103.0,114.0,113.0,109.86666666666666
2024-05-12,SKU-3,114,0,6,5,109.0,110.0,113.57142857142857,110.0
2024-05-13,SKU-3,108,0,0,5,114.0,145.0,108.28571428571429,109.83333333333333
2024-05-14,SKU-3,108,0,1,5,108.0,101.0,109.28571428571429,109.76666666666667
2024-05-15,SKU-3,109,0,2,5,108.0,108.0,109.42857142857143,109.9
2024-05-16,SKU-3,110,0,3,5,109.0,115.0,108.71428571428571,110.06666666666666
2024-05-17,SKU-3,112,0,4,5,110.0,103.0,110.0,110.4
2024-05-18,SKU-3,114,0,5,5,112.0,109.0,110.71428571428571,110.43333333333334
2024-05-19,SKU-3,111,0,6,5,114.0,114.0,110.28571428571429,110.63333333333334
2024-05-20,SKU-3,144,1,0,5,111.0,108.0,115.42857142857143,111.53333333333333
2024-05-21,SKU-3,115,0,1,5,144.0,108.0,116.42857142857143,111.43333333333334
2024-05-22,SKU-3,106,0,2,5,115.0,109.0,116.0,111.26666666666667
2024-05-23,SKU-3,103,0,3,5,106.0,110.0,115.0,111.2
2024-05-24,SKU-3,112,0,4,5,103.0,112.0,115.0,111.33333333333333
2024-05-25,SKU-3,145,1,5,5,112.0,114.0,119.42857142857143,112.6
2024-05-26,SKU-3,103,0,6,5,145.0,111.0,118.28571428571429,112.6
2024-05-27,SKU-3,110,0,0,5,103.0,144.0,113.42857142857143,112.5
2024-05-28,SKU-3,104,0,1,5,110.0,115.0,111.85714285714286,112.4
2024-05-29,SKU-3,106,0,2,5,104.0,106.0,111.85714285714286,112.2
2024-05-30,SKU-3,108,0,3,5,106.0,103.0,112.57142857142857,112.3
2024-05-31,SKU-3,107,0,4,5,108.0,112.0,111.85714285714286,112.26666666666667
2024-06-01,SKU-3,115,0,5,6,107.0,145.0,107.57142857142857,112.5
2024-06-02,SKU-3,110,0,6,6,115.0,103.0,108.57142857142857,112.63333333333334
2024-06-03,SKU-3,109,0,0,6,110.0,110.0,108.42857142857143,112.46666666666667
2024-06-04,SKU-3,105,0,1,6,109.0,104.0,108.57142857142857,112.3
2024-06-05,SKU-3,110,0,2,6,105.0,106.0,109.14285714285714,111.13333333333334
2024-06-06,SKU-3,109,0,3,6,110.0,108.0,109.28571428571429,111.4
2024-06-07,SKU-3,102,0,4,6,109.0,107.0,108.57142857142857,111.2
2024-06-08,SKU-3,150,1,5,6,102.0,115.0,113.57142857142857,112.36666666666666
2024-06-09,SKU-3,109,0,6,6,150.0,110.0,113.42857142857143,112.56666666666666
2024-06-10,SKU-3,110,0,0,6,109.0,109.0,113.57142857142857,112.6
2024-06-11,SKU-3,108,0,1,6,110.0,105.0,114.0,112.4
2024-06-12,SKU-3,114,0,2,6,108.0,110.0,114.57142857142857,112.6
2024-06-13,SKU-3,105,0,3,6,114.0,109.0,114.0,112.5
2024-06-14,SKU-3,104,0,4,6,105.0,102.0,114.28571428571429,112.33333333333333
2024-06-15,SKU-3,111,0,5,6,104.0,150.0,108.71428571428571,112.36666666666666
2024-06-16,SKU-3,110,0,6,6,111.0,109.0,108.85714285714286,112.3
2024-06-17,SKU-3,109,0,0,6,110.0,110.0,108.71428571428571,112.13333333333334
2024-06-18,SKU-3,99,0,1,6,109.0,108.0,107.42857142857143,111.73333333333333
2024-06-19,SKU-3,101,0,2,6,99.0,114.0,105.57142857142857,110.3
2024-06-20,SKU-3,101,0,3,6,101.0,105.0,105.0,109.83333333333333
2024-06-21,SKU-3,144,1,4,6,101.0,104.0,110.71428571428571,111.1
2024-06-22,SKU-3,118,0,5,6,144.0,111.0,111.71428571428571,111.6
2024-06-23,SKU-3,110,0,6,6,118.0,110.0,111.71428571428571,111.53333333333333
2024-06-24,SKU-3,105,0,0,6,110.0,109.0,111.14285714285714,110.2
2024-06-25,SKU-3,106,0,1,6,105.0,99.0,112.14285714285714,110.3
2024-06-26,SKU-3,110,0,2,6,106.0,101.0,113.42857142857143,110.3
2024-06-27,SKU-3,101,0,3,6,110.0,101.0,113.42857142857143,110.2
2024-06-28,SKU-3,106,0,4,6,101.0,144.0,108.0,110.2
2024-06-29,SKU-3,114,0,5,6,106.0,118.0,107.42857142857143,110.4
2024-06-30,SKU-3,112,0,6,6,114.0,110.0,107.71428571428571,110.56666666666666
2024-07-01,SKU-3,106,0,0,7,112.0,105.0,107.85714285714286,110.26666666666667
2024-07-02,SKU-3,109,0,1,7,106.0,106.0,108.28571428571429,110.23333333333333
2024-07-03,SKU-3,93,0,2,7,109.0,110.0,105.85714285714286,109.7
2024-07-04,SKU-3,108,0,3,7,93.0,101.0,106.85714285714286,109.8
2024-07-05,SKU-3,102,0,4,7,108.0,106.0,106.28571428571429,109.53333333333333
2024-07-06,SKU-3,102,0,5,7,102.0,114.0,104.57142857142857,109.3
2024-07-07,SKU-3,112,0,6,7,102.0,112.0,104.57142857142857,109.63333333333334
2024-07-08,SKU-3,110,0,0,7,112.0,106.0,105.14285714285714,108.3
2024-07-09,SKU-3,104,0,1,7,110.0,109.0,104.42857142857143,108.13333333333334
2024-07-10,SKU-3,108,0,2,7,104.0,93.0,106.57142857142857,108.06666666666666
2024-07-11,SKU-3,111,0,3,7,108.0,108.0,107.0,108.16666666666667
2024-07-12,SKU-3,110,0,4,7,111.0,102.0,108.14285714285714,108.03333333333333
2024-07-13,SKU-3,116,0,5,7,110.0,102.0,110.14285714285714,108.4
2024-07-14,SKU-3,112,0,6,7,116.0,112.0,110.14285714285714,108.66666666666667
2024-07-15,SKU-3,104,0,0,7,112.0,110.0,109.28571428571429,108.43333333333334
2024-07-16,SKU-3,97,0,1,7,104.0,104.0,108.28571428571429,108.0
2024-07-17,SKU-3,103,0,2,7,97.0,108.0,107.57142857142857,107.8
2024-07-18,SKU-3,100,0,3,7,103.0,111.0,106.0,107.83333333333333
2024-07-19,SKU-3,113,0,4,7,100.0,110.0,106.42857142857143,108.23333333333333
2024-07-20,SKU-3,108,0,5,7,113.0,116.0,105.28571428571429,108.46666666666667
2024-07-21,SKU-3,109,0,6,7,108.0,112.0,104.85714285714286,107.3
2024-07-22,SKU-3,106,0,0,7,109.0,104.0,105.14285714285714,106.9
2024-07-23,SKU-3,104,0,1,7,106.0,97.0,106.14285714285714,106.7
2024-07-24,SKU-3,111,0,2,7,104.0,103.0,107.28571428571429,106.9
2024-07-25,SKU-3,101,0,3,7,111.0,100.0,107.42857142857143,106.73333333333333
2024-07-26,SKU-3,104,0,4,7,101.0,113.0,106.14285714285714,106.53333333333333
2024-07-27,SKU-3,105,0,5,7,104.0,108.0,105.71428571428571,106.66666666666667
2024-07-28,SKU-3,103,0,6,7,105.0,109.0,104.85714285714286,106.56666666666666
2024-07-29,SKU-3,101,0,0,7,103.0,106.0,104.14285714285714,106.13333333333334
2024-07-30,SKU-3,103,0,1,7,101.0,104.0,104.0,105.83333333333333
2024-07-31,SKU-3,135,1,2,7,103.0,111.0,107.42857142857143,106.8
2024-08-01,SKU-3,100,0,3,8,135.0,101.0,107.28571428571429,106.5
2024-08-02,SKU-3,97,0,4,8,100.0,104.0,106.28571428571429,106.63333333333334
2024-08-03,SKU-3,108,0,5,8,97.0,105.0,106.71428571428571,106.63333333333334
2024-08-04,SKU-3,102,0,6,8,108.0,103.0,106.57142857142857,106.63333333333334
2024-08-05,SKU-3,106,0,0,8,102.0,101.0,107.28571428571429,106.76666666666667
2024-08-06,SKU-3,103,0,1,8,106.0,103.0,107.28571428571429,106.46666666666667
2024-08-07,SKU-3,97,0,2,8,103.0,135.0,101.85714285714286,106.03333333333333
2024-08-08,SKU-3,102,0,3,8,97.0,100.0,102.14285714285714,105.96666666666667
2024-08-09,SKU-3,100,0,4,8,102.0,97.0,102.57142857142857,105.7
2024-08-10,SKU-3,109,0,5,8,100.0,108.0,102.71428571428571,105.63333333333334
2024-08-11,SKU-3,114,0,6,8,109.0,102.0,104.42857142857143,105.76666666666667
2024-08-12,SKU-3,95,0,0,8,114.0,106.0,102.85714285714286,105.06666666666666
2024-08-13,SKU-3,103,0,1,8,95.0,103.0,102.85714285714286,104.76666666666667
2024-08-14,SKU-3,102,0,2,8,103.0,97.0,103.57142857142857,104.7
2024-08-15,SKU-3,106,0,3,8,102.0,102.0,104.14285714285714,105.0
2024-08-16,SKU-3,104,0,4,8,106.0,100.0,104.71428571428571,105.03333333333333
2024-08-17,SKU-3,105,0,5,8,104.0,109.0,104.14285714285714,105.2
2024-08-18,SKU-3,106,0,6,8,105.0,114.0,103.0,104.96666666666667
2024-08-19,SKU-3,99,0,0,8,106.0,95.0,103.57142857142857,104.66666666666667
2024-08-20,SKU-3,141,1,1,8,99.0,103.0,109.0,105.73333333333333
2024-08-21,SKU-3,103,0,2,8,141.0,102.0,109.14285714285714,105.63333333333334
2024-08-22,SKU-3,111,0,3,8,103.0,106.0,109.85714285714286,105.86666666666666
2024-08-23,SKU-3,103,0,4,8,111.0,104.0,109.71428571428571,105.6
2024-08-24,SKU-3,105,0,5,8,103.0,105.0,109.71428571428571,105.73333333333333
2024-08-25,SKU-3,101,0,6,8,105.0,106.0,109.0,105.63333333333334
2024-08-26,SKU-3,95,0,0,8,101.0,99.0,108.42857142857143,105.3
2024-08-27,SKU-3,96,0,1,8,95.0,141.0,102.0,105.06666666666666
2024-08-28,SKU-3,104,0,2,8,96.0,103.0,102.14285714285714,105.16666666666667
2024-08-29,SKU-3,105,0,3,8,104.0,111.0,101.28571428571429,105.23333333333333
2024-08-30,SKU-3,96,0,4,8,105.0,103.0,100.28571428571429,103.93333333333334
2024-08-31,SKU-3,112,0,5,8,96.0,105.0,101.28571428571429,104.33333333333333
2024-09-01,SKU-3,106,0,6,9,112.0,101.0,102.0,104.63333333333334
2024-09-02,SKU-3,104,0,0,9,106.0,95.0,103.28571428571429,104.5
2024-09-03,SKU-3,110,0,1,9,104.0,96.0,105.28571428571429,104.76666666666667
2024-09-04,SKU-3,141,1,2,9,110.0,104.0,110.57142857142857,105.93333333333334
2024-09-05,SKU-3,102,0,3,9,141.0,105.0,110.14285714285714,105.9
2024-09-06,SKU-3,133,1,4,9,102.0,96.0,115.42857142857143,107.1
2024-09-07,SKU-3,99,0,5,9,133.0,112.0,113.57142857142857,107.0
2024-09-08,SKU-3,105,0,6,9,99.0,106.0,113.42857142857143,107.16666666666667
2024-09-09,SKU-3,102,0,0,9,105.0,104.0,113.14285714285714,106.93333333333334
2024-09-10,SKU-3,99,0,1,9,102.0,110.0,111.57142857142857,106.43333333333334
2024-09-11,SKU-3,103,0,2,9,99.0,141.0,106.14285714285714,106.7
2024-09-12,SKU-3,104,0,3,9,103.0,102.0,106.42857142857143,106.73333333333333
2024-09-13,SKU-3,103,0,4,9,104.0,133.0,102.14285714285714,106.76666666666667
2024-09-14,SKU-3,106,0,5,9,103.0,99.0,103.14285714285714,106.76666666666667
2024-09-15,SKU-3,109,0,6,9,106.0,105.0,103.71428571428571,106.93333333333334
2024-09-16,SKU-3,106,0,0,9,109.0,102.0,104.28571428571429,106.96666666666667
2024-09-17,SKU-3,99,0,1,9,106.0,99.0,104.28571428571429,106.73333333333333
2024-09-18,SKU-3,110,0,2,9,99.0,103.0,105.28571428571429,107.1
2024-09-19,SKU-3,103,0,3,9,110.0,104.0,105.14285714285714,105.83333333333333
2024-09-20,SKU-3,104,0,4,9,103.0,103.0,105.28571428571429,105.86666666666666
2024-09-21,SKU-3,112,0,5,9,104.0,106.0,106.14285714285714,105.9
2024-09-22,SKU-3,110,0,6,9,112.0,109.0,106.28571428571429,106.13333333333334
2024-09-23,SKU-3,108,0,0,9,110.0,106.0,106.57142857142857,106.23333333333333
2024-09-24,SKU-3,140,1,1,9,108.0,99.0,112.42857142857143,107.53333333333333
2024-09-25,SKU-3,102,0,2,9,140.0,110.0,111.28571428571429,107.76666666666667
2024-09-26,SKU-3,106,0,3,9,102.0,103.0,111.71428571428571,108.1
2024-09-27,SKU-3,100,0,4,9,106.0,104.0,111.14285714285714,107.96666666666667
2024-09-28,SKU-3,110,0,5,9,100.0,112.0,110.85714285714286,108.13333333333334
2024-09-29,SKU-3,110,0,6,9,110.0,110.0,110.85714285714286,108.6
2024-09-30,SKU-3,104,0,0,9,110.0,108.0,110.28571428571429,108.33333333333333
2024-10-01,SKU-3,104,0,1,10,104.0,140.0,105.14285714285714,108.26666666666667
2024-10-02,SKU-3,97,0,2,10,104.0,102.0,104.42857142857143,108.03333333333333
2024-10-03,SKU-3,103,0,3,10,97.0,106.0,104.0,107.8
2024-10-04,SKU-3,106,0,4,10,103.0,100.0,104.85714285714286,106.63333333333334
2024-10-05,SKU-3,111,0,5,10,106.0,110.0,105.0,106.93333333333334
2024-10-06,SKU-3,106,0,6,10,111.0,110.0,104.42857142857143,106.03333333333333
2024-10-07,SKU-3,111,0,0,10,106.0,104.0,105.42857142857143,106.43333333333334
2024-10-08,SKU-3,102,0,1,10,111.0,104.0,105.14285714285714,106.33333333333333
2024-10-09,SKU-3,110,0,2,10,102.0,97.0,107.0,106.6
2024-10-10,SKU-3,108,0,3,10,110.0,103.0,107.71428571428571,106.9
2024-10-11,SKU-3,104,0,4,10,108.0,106.0,107.42857142857143,106.93333333333334
2024-10-12,SKU-3,119,0,5,10,104.0,111.0,108.57142857142857,107.43333333333334
2024-10-13,SKU-3,107,0,6,10,119.0,106.0,108.71428571428571,107.56666666666666
2024-10-14,SKU-3,111,0,0,10,107.0,111.0,108.71428571428571,107.73333333333333
2024-10-15,SKU-3,111,0,1,10,111.0,102.0,110.0,107.8
2024-10-16,SKU-3,104,0,2,10,111.0,110.0,109.14285714285714,107.73333333333333
2024-10-17,SKU-3,113,0,3,10,104.0,108.0,109.85714285714286,108.2
2024-10-18,SKU-3,106,0,4,10,113.0,104.0,110.14285714285714,108.06666666666666
2024-10-19,SKU-3,114,0,5,10,106.0,119.0,109.42857142857143,108.43333333333334
2024-10-20,SKU-3,114,0,6,10,114.0,107.0,110.42857142857143,108.76666666666667
2024-10-21,SKU-3,107,0,0,10,114.0,111.0,109.85714285714286,108.6
2024-10-22,SKU-3,111,0,1,10,107.0,111.0,109.85714285714286,108.63333333333334
2024-10-23,SKU-3,112,0,2,10,111.0,104.0,111.0,108.76666666666667
2024-10-24,SKU-3,101,0,3,10,112.0,113.0,109.28571428571429,107.46666666666667
2024-10-25,SKU-3,114,0,4,10,101.0,106.0,110.42857142857143,107.86666666666666
2024-10-26,SKU-3,107,0,5,10,114.0,114.0,109.42857142857143,107.9
2024-10-27,SKU-3,118,0,6,10,107.0,114.0,110.0,108.5
2024-10-28,SKU-3,114,0,0,10,118.0,107.0,111.0,108.63333333333334
2024-10-29,SKU-3,105,0,1,10,114.0,111.0,110.14285714285714,108.46666666666667
2024-10-30,SKU-3,108,0,2,10,105.0,112.0,109.57142857142857,108.6
2024-10-31,SKU-3,105,0,3,10,108.0,101.0,110.14285714285714,108.63333333333334
2024-11-01,SKU-3,109,0,4,11,105.0,114.0,109.42857142857143,109.03333333333333
2024-11-02,SKU-3,114,0,5,11,109.0,107.0,110.42857142857143,109.4
2024-11-03,SKU-3,119,0,6,11,114.0,118.0,110.57142857142857,109.83333333333333
2024-11-04,SKU-3,116,0,0,11,119.0,114.0,110.85714285714286,110.0
2024-11-05,SKU-3,117,0,1,11,116.0,105.0,112.57142857142857,110.36666666666666
2024-11-06,SKU-3,109,0,2,11,117.0,108.0,112.71428571428571,110.3
2024-11-07,SKU-3,110,0,3,11,109.0,105.0,113.42857142857143,110.56666666666666
2024-11-08,SKU-3,104,0,4,11,110.0,109.0,112.71428571428571,110.36666666666666
2024-11-09,SKU-3,113,0,5,11,104.0,114.0,112.57142857142857,110.53333333333333
2024-11-10,SKU-3,121,0,6,11,113.0,119.0,112.85714285714286,111.1
2024-11-11,SKU-3,153,1,0,11,121.0,116.0,118.14285714285714,112.23333333333333
2024-11-12,SKU-3,141,1,1,11,153.0,117.0,121.57142857142857,113.36666666666666
2024-11-13,SKU-3,110,0,2,11,141.0,109.0,121.71428571428571,113.33333333333333
2024-11-14,SKU-3,113,0,3,11,110.0,110.0,122.14285714285714,113.4
2024-11-15,SKU-3,114,0,4,11,113.0,104.0,123.57142857142857,113.73333333333333
2024-11-16,SKU-3,115,0,5,11,114.0,113.0,123.85714285714286,113.8
2024-11-17,SKU-3,120,0,6,11,115.0,121.0,123.71428571428571,114.26666666666667
2024-11-18,SKU-3,112,0,0,11,120.0,153.0,117.85714285714286,114.2
2024-11-19,SKU-3,114,0,1,11,112.0,141.0,114.0,114.2
2024-11-20,SKU-3,116,0,2,11,114.0,110.0,114.85714285714286,114.5
2024-11-21,SKU-3,114,0,3,11,116.0,113.0,115.0,114.6
2024-11-22,SKU-3,113,0,4,11,114.0,114.0,114.85714285714286,114.63333333333334
2024-11-23,SKU-3,119,0,5,11,113.0,115.0,115.42857142857143,115.23333333333333
2024-11-24,SKU-3,120,0,6,11,119.0,120.0,115.42857142857143,115.43333333333334
2024-11-25,SKU-3,114,0,0,11,120.0,112.0,115.71428571428571,115.66666666666667
2024-11-26,SKU-3,115,0,1,11,114.0,114.0,115.85714285714286,115.56666666666666
2024-11-27,SKU-3,123,0,2,11,115.0,116.0,116.85714285714286,115.86666666666666
2024-11-28,SKU-3,118,0,3,11,123.0,114.0,117.42857142857143,116.3
2024-11-29,SKU-3,115,0,4,11,118.0,113.0,117.71428571428571,116.53333333333333
2024-11-30,SKU-3,125,0,5,11,115.0,119.0,118.57142857142857,117.2
2024-12-01,SKU-3,120,0,6,12,125.0,120.0,118.57142857142857,117.56666666666666
2024-12-02,SKU-3,122,0,0,12,120.0,114.0,119.71428571428571,117.83333333333333
2024-12-03,SKU-3,119,0,1,12,122.0,115.0,120.28571428571429,117.83333333333333
2024-12-04,SKU-3,117,0,2,12,119.0,123.0,119.42857142857143,117.86666666666666
2024-12-05,SKU-3,120,0,3,12,117.0,118.0,119.71428571428571,117.96666666666667
2024-12-06,SKU-3,112,0,4,12,120.0,115.0,119.28571428571429,118.06666666666666
2024-12-07,SKU-3,119,0,5,12,112.0,125.0,118.42857142857143,118.36666666666666
2024-12-08,SKU-3,119,0,6,12,119.0,120.0,118.28571428571429,118.86666666666666
2024-12-09,SKU-3,120,0,0,12,119.0,122.0,118.0,119.1
2024-12-10,SKU-3,127,0,1,12,120.0,119.0,119.14285714285714,119.3
2024-12-11,SKU-3,129,0,2,12,127.0,117.0,120.85714285714286,118.5
2024-12-12,SKU-3,123,0,3,12,129.0,120.0,121.28571428571429,117.9
2024-12-13,SKU-3,122,0,4,12,123.0,112.0,122.71428571428571,118.3
2024-12-14,SKU-3,118,0,5,12,122.0,119.0,122.57142857142857,118.46666666666667
2024-12-15,SKU-3,123,0,6,12,118.0,119.0,123.14285714285714,118.76666666666667
2024-12-16,SKU-3,118,0,0,12,123.0,120.0,122.85714285714286,118.86666666666666
2024-12-17,SKU-3,119,0,1,12,118.0,127.0,121.71428571428571,118.83333333333333
2024-12-18,SKU-3,121,0,2,12,119.0,129.0,120.57142857142857,119.13333333333334
2024-12-19,SKU-3,120,0,3,12,121.0,123.0,120.14285714285714,119.33333333333333
2024-12-20,SKU-3,114,0,4,12,120.0,122.0,119.0,119.26666666666667
2024-12-21,SKU-3,130,0,5,12,114.0,118.0,120.71428571428571,119.8
2024-12-22,SKU-3,157,1,6,12,130.0,123.0,125.57142857142857,121.26666666666667
2024-12-23,SKU-3,124,0,0,12,157.0,118.0,126.42857142857143,121.43333333333334
2024-12-24,SKU-3,132,0,1,12,124.0,119.0,128.28571428571428,121.83333333333333
2024-12-25,SKU-3,120,0,2,12,132.0,121.0,128.14285714285714,122.03333333333333
2024-12-26,SKU-3,113,0,3,12,120.0,120.0,127.14285714285714,121.96666666666667
2024-12-27,SKU-3,123,0,4,12,113.0,114.0,128.42857142857142,121.96666666666667
2024-12-28,SKU-3,134,0,5,12,123.0,130.0,129.0,122.5
2024-12-29,SKU-3,138,0,6,12,134.0,157.0,126.28571428571429,123.26666666666667
2024-12-30,SKU-3,154,1,0,12,138.0,124.0,130.57142857142858,124.23333333333333
2024-12-31,SKU-3,127,0,1,12,154.0,132.0,129.85714285714286,124.46666666666667
